uuid,playername,login,logout
dd81ac6f-8caa-4c05-992b-41c465ff2f63,AFamiliarity,17/06/2026;08:13:03,0
dd81ac6f-8caa-4c05-992b-41c465ff2f63,AFamiliarity,17/06/2026;08:26:27,0
dd81ac6f-8caa-4c05-992b-41c465ff2f63,AFamiliarity,0,17/06/2026;08:36:27
dd81ac6f-8caa-4c05-992b-41c465ff2f63,AFamiliarity,17/06/2026;11:05:49,0
e84ee678-1a9b-4517-a6ff-4c6199f1b782,Chittochi,17/06/2026;11:33:11,0
e84ee678-1a9b-4517-a6ff-4c6199f1b782,Chittochi,0,17/06/2026;11:36:25
e84ee678-1a9b-4517-a6ff-4c6199f1b782,Chittochi,17/06/2026;11:37:05,0
e84ee678-1a9b-4517-a6ff-4c6199f1b782,Chittochi,0,17/06/2026;11:40:37
e84ee678-1a9b-4517-a6ff-4c6199f1b782,Chittochi,17/06/2026;11:41:56,0
e84ee678-1a9b-4517-a6ff-4c6199f1b782,Chittochi,0,17/06/2026;12:02:15
dd81ac6f-8caa-4c05-992b-41c465ff2f63,AFamiliarity,0,17/06/2026;12:02:19
dd81ac6f-8caa-4c05-992b-41c465ff2f63,AFamiliarity,17/06/2026;15:53:03,0
dd81ac6f-8caa-4c05-992b-41c465ff2f63,AFamiliarity,0,17/06/2026;15:53:21
e84ee678-1a9b-4517-a6ff-4c6199f1b782,Chittochi,17/06/2026;16:23:51,0
dd81ac6f-8caa-4c05-992b-41c465ff2f63,AFamiliarity,17/06/2026;16:25:19,0
3cfaa24a-a43b-43b1-b893-5c849aeca8b1,ImNycleo,17/06/2026;16:50:08,0
3cfaa24a-a43b-43b1-b893-5c849aeca8b1,ImNycleo,0,17/06/2026;16:57:23
3cfaa24a-a43b-43b1-b893-5c849aeca8b1,ImNycleo,17/06/2026;16:57:30,0
3cfaa24a-a43b-43b1-b893-5c849aeca8b1,ImNycleo,0,17/06/2026;16:57:48
3cfaa24a-a43b-43b1-b893-5c849aeca8b1,ImNycleo,17/06/2026;16:58:31,0
dd81ac6f-8caa-4c05-992b-41c465ff2f63,AFamiliarity,0,17/06/2026;17:02:01
e84ee678-1a9b-4517-a6ff-4c6199f1b782,Chittochi,0,17/06/2026;17:02:04
3cfaa24a-a43b-43b1-b893-5c849aeca8b1,ImNycleo,0,17/06/2026;17:02:07
dd81ac6f-8caa-4c05-992b-41c465ff2f63,AFamiliarity,18/06/2026;12:23:33,0
dd81ac6f-8caa-4c05-992b-41c465ff2f63,AFamiliarity,0,18/06/2026;12:24:04
3cfaa24a-a43b-43b1-b893-5c849aeca8b1,ImNycleo,18/06/2026;20:34:10,0
3cfaa24a-a43b-43b1-b893-5c849aeca8b1,ImNycleo,0,18/06/2026;20:34:37
e84ee678-1a9b-4517-a6ff-4c6199f1b782,Chittochi,18/06/2026;23:36:23,0
e84ee678-1a9b-4517-a6ff-4c6199f1b782,Chittochi,0,19/06/2026;00:01:12
b705ccdd-dd40-455b-b092-22b2011a57bf,Skywalkered,19/06/2026;23:14:41,0
b705ccdd-dd40-455b-b092-22b2011a57bf,Skywalkered,19/06/2026;23:17:40,0
b705ccdd-dd40-455b-b092-22b2011a57bf,Skywalkered,0,19/06/2026;23:42:53
dd81ac6f-8caa-4c05-992b-41c465ff2f63,AFamiliarity,20/06/2026;12:30:12,0
3cfaa24a-a43b-43b1-b893-5c849aeca8b1,ImNycleo,20/06/2026;12:32:07,0
b705ccdd-dd40-455b-b092-22b2011a57bf,Skywalkered,20/06/2026;12:42:06,0
e84ee678-1a9b-4517-a6ff-4c6199f1b782,Chittochi,20/06/2026;12:42:20,0
b705ccdd-dd40-455b-b092-22b2011a57bf,Skywalkered,0,20/06/2026;12:42:26
b705ccdd-dd40-455b-b092-22b2011a57bf,Skywalkered,20/06/2026;12:42:29,0
b705ccdd-dd40-455b-b092-22b2011a57bf,Skywalkered,0,20/06/2026;12:47:44
b705ccdd-dd40-455b-b092-22b2011a57bf,Skywalkered,20/06/2026;12:51:36,0
3cfaa24a-a43b-43b1-b893-5c849aeca8b1,ImNycleo,0,20/06/2026;12:52:55
b705ccdd-dd40-455b-b092-22b2011a57bf,Skywalkered,20/06/2026;12:54:59,0
3cfaa24a-a43b-43b1-b893-5c849aeca8b1,ImNycleo,20/06/2026;12:55:06,0
dd81ac6f-8caa-4c05-992b-41c465ff2f63,AFamiliarity,20/06/2026;12:55:08,0
e84ee678-1a9b-4517-a6ff-4c6199f1b782,Chittochi,20/06/2026;12:55:20,0
b705ccdd-dd40-455b-b092-22b2011a57bf,Skywalkered,0,20/06/2026;12:56:48
75f51159-85d3-42eb-9710-f6ec3ad348a0,SashKings,20/06/2026;12:56:51,0
b705ccdd-dd40-455b-b092-22b2011a57bf,Skywalkered,20/06/2026;12:57:08,0
ed44d55f-9f5b-42d5-8821-7499a9a558cf,DatGuYouKnow,20/06/2026;12:57:16,0
7bec3e49-61c6-4a2e-9f16-719bffc434ec,MaximusPrimed,20/06/2026;12:58:02,0
5f1716cf-1541-4485-bddc-c297ef66f5bd,_Hark,20/06/2026;12:58:11,0
b705ccdd-dd40-455b-b092-22b2011a57bf,Skywalkered,0,20/06/2026;12:58:13
fc26159a-c1cd-467b-812b-0334495d3efd,ValeGrave,20/06/2026;12:58:35,0
fc26159a-c1cd-467b-812b-0334495d3efd,ValeGrave,0,20/06/2026;12:58:36
fc26159a-c1cd-467b-812b-0334495d3efd,ValeGrave,20/06/2026;12:58:44,0
b705ccdd-dd40-455b-b092-22b2011a57bf,Skywalkered,20/06/2026;12:58:57,0
ce0f19fe-7851-47d2-9f40-32f4c8e0e924,0NightSword,20/06/2026;12:58:58,0
ce0f19fe-7851-47d2-9f40-32f4c8e0e924,0NightSword,0,20/06/2026;12:59:01
ac435971-bfb7-4f5e-a9ea-32335a2acee2,Riotte,20/06/2026;13:00:04,0
afb8452f-c87a-491f-9913-33c15032055e,iamstormbound,20/06/2026;13:00:27,0
ce0f19fe-7851-47d2-9f40-32f4c8e0e924,0NightSword,20/06/2026;13:00:55,0
ce0f19fe-7851-47d2-9f40-32f4c8e0e924,0NightSword,0,20/06/2026;13:00:59
7c75b21e-8e65-4fef-8043-dbb0e7d21439,oneGhost_,20/06/2026;13:03:20,0
9975f9c7-85c1-47fb-a5ca-297f9f56517f,pyronad,20/06/2026;13:03:53,0
ed44d55f-9f5b-42d5-8821-7499a9a558cf,DatGuYouKnow,0,20/06/2026;13:04:03
ed44d55f-9f5b-42d5-8821-7499a9a558cf,DatGuYouKnow,20/06/2026;13:04:23,0
7c75b21e-8e65-4fef-8043-dbb0e7d21439,oneGhost_,0,20/06/2026;13:05:37
7b392d8c-7eb1-4398-891b-29385a44cf15,psinoviy,20/06/2026;13:06:07,0
7c75b21e-8e65-4fef-8043-dbb0e7d21439,oneGhost_,20/06/2026;13:09:25,0
ffc82226-64ae-4bef-87ec-db3c27b57923,EpicSnek,20/06/2026;13:11:38,0
2294e7ec-06ad-4257-863c-0910219a7140,HassieSatery,20/06/2026;13:13:06,0
7b392d8c-7eb1-4398-891b-29385a44cf15,psinoviy,0,20/06/2026;13:18:37
7b392d8c-7eb1-4398-891b-29385a44cf15,psinoviy,20/06/2026;13:19:17,0
121fee2c-33d8-478f-bb4b-1e96e963e297,PixelPioneer911,20/06/2026;13:22:59,0
7b392d8c-7eb1-4398-891b-29385a44cf15,psinoviy,0,20/06/2026;13:32:17
2294e7ec-06ad-4257-863c-0910219a7140,HassieSatery,0,20/06/2026;13:33:16
7b392d8c-7eb1-4398-891b-29385a44cf15,psinoviy,20/06/2026;13:33:24,0
3cfaa24a-a43b-43b1-b893-5c849aeca8b1,ImNycleo,0,20/06/2026;13:36:00
dd81ac6f-8caa-4c05-992b-41c465ff2f63,AFamiliarity,0,20/06/2026;13:36:01
e84ee678-1a9b-4517-a6ff-4c6199f1b782,Chittochi,0,20/06/2026;13:36:01
5f1716cf-1541-4485-bddc-c297ef66f5bd,_Hark,0,20/06/2026;13:36:01
3cfaa24a-a43b-43b1-b893-5c849aeca8b1,ImNycleo,20/06/2026;13:36:07,0
5f1716cf-1541-4485-bddc-c297ef66f5bd,_Hark,20/06/2026;13:36:26,0
dd81ac6f-8caa-4c05-992b-41c465ff2f63,AFamiliarity,20/06/2026;13:36:42,0
e84ee678-1a9b-4517-a6ff-4c6199f1b782,Chittochi,20/06/2026;13:36:49,0
121fee2c-33d8-478f-bb4b-1e96e963e297,PixelPioneer911,0,20/06/2026;13:37:24
ce0f19fe-7851-47d2-9f40-32f4c8e0e924,0NightSword,20/06/2026;13:43:49,0
ce0f19fe-7851-47d2-9f40-32f4c8e0e924,0NightSword,0,20/06/2026;13:44:10
ce0f19fe-7851-47d2-9f40-32f4c8e0e924,0NightSword,20/06/2026;13:44:24,0
ce0f19fe-7851-47d2-9f40-32f4c8e0e924,0NightSword,0,20/06/2026;13:45:53
ce0f19fe-7851-47d2-9f40-32f4c8e0e924,0NightSword,20/06/2026;13:50:54,0
ce0f19fe-7851-47d2-9f40-32f4c8e0e924,0NightSword,0,20/06/2026;13:51:39
fc26159a-c1cd-467b-812b-0334495d3efd,ValeGrave,0,20/06/2026;13:52:30
fc26159a-c1cd-467b-812b-0334495d3efd,ValeGrave,20/06/2026;13:52:40,0
7bec3e49-61c6-4a2e-9f16-719bffc434ec,MaximusPrimed,0,20/06/2026;13:54:59
4f0bb989-983d-4c0c-bf94-4cfa784dca60,Geebly,20/06/2026;13:59:16,0
ffc82226-64ae-4bef-87ec-db3c27b57923,EpicSnek,0,20/06/2026;14:09:09
145c0154-e6c3-4967-963f-13848d8107a8,OriOrigami,20/06/2026;14:15:13,0
145c0154-e6c3-4967-963f-13848d8107a8,OriOrigami,0,20/06/2026;14:15:59
7b392d8c-7eb1-4398-891b-29385a44cf15,psinoviy,0,20/06/2026;14:19:58
9975f9c7-85c1-47fb-a5ca-297f9f56517f,pyronad,0,20/06/2026;14:21:37
145c0154-e6c3-4967-963f-13848d8107a8,OriOrigami,20/06/2026;14:27:12,0
145c0154-e6c3-4967-963f-13848d8107a8,OriOrigami,0,20/06/2026;14:28:20
051c9aed-79e5-4f65-863c-b8b73458c3d9,CartoonInferior,20/06/2026;14:29:23,0
ce0f19fe-7851-47d2-9f40-32f4c8e0e924,0NightSword,20/06/2026;14:38:35,0
ce0f19fe-7851-47d2-9f40-32f4c8e0e924,0NightSword,0,20/06/2026;14:39:38
75f51159-85d3-42eb-9710-f6ec3ad348a0,SashKings,0,20/06/2026;14:40:34
145c0154-e6c3-4967-963f-13848d8107a8,OriOrigami,20/06/2026;14:41:19,0
145c0154-e6c3-4967-963f-13848d8107a8,OriOrigami,0,20/06/2026;14:42:15
ce0f19fe-7851-47d2-9f40-32f4c8e0e924,0NightSword,20/06/2026;14:49:42,0
ce0f19fe-7851-47d2-9f40-32f4c8e0e924,0NightSword,0,20/06/2026;14:50:04
ce0f19fe-7851-47d2-9f40-32f4c8e0e924,0NightSword,20/06/2026;14:51:55,0
ce0f19fe-7851-47d2-9f40-32f4c8e0e924,0NightSword,0,20/06/2026;14:53:10
5f1716cf-1541-4485-bddc-c297ef66f5bd,_Hark,0,20/06/2026;14:56:48
75f51159-85d3-42eb-9710-f6ec3ad348a0,SashKings,20/06/2026;14:57:19,0
5f1716cf-1541-4485-bddc-c297ef66f5bd,_Hark,20/06/2026;14:57:33,0
75f51159-85d3-42eb-9710-f6ec3ad348a0,SashKings,0,20/06/2026;15:02:15
ed44d55f-9f5b-42d5-8821-7499a9a558cf,DatGuYouKnow,0,20/06/2026;15:05:28
bf58b239-1ea0-4a10-a57c-a57d2d7faa30,vivianholiday,20/06/2026;15:13:52,0
bf58b239-1ea0-4a10-a57c-a57d2d7faa30,vivianholiday,0,20/06/2026;15:17:12
e038631f-983f-48c1-9e9c-fdf893368b7a,goobforlife,20/06/2026;15:18:52,0
bf58b239-1ea0-4a10-a57c-a57d2d7faa30,vivianholiday,20/06/2026;15:20:07,0
bf58b239-1ea0-4a10-a57c-a57d2d7faa30,vivianholiday,0,20/06/2026;15:20:14
bf58b239-1ea0-4a10-a57c-a57d2d7faa30,vivianholiday,20/06/2026;15:23:11,0
051c9aed-79e5-4f65-863c-b8b73458c3d9,CartoonInferior,0,20/06/2026;15:27:53
e84ee678-1a9b-4517-a6ff-4c6199f1b782,Chittochi,0,20/06/2026;15:41:03
5f1716cf-1541-4485-bddc-c297ef66f5bd,_Hark,0,20/06/2026;15:51:49
e84ee678-1a9b-4517-a6ff-4c6199f1b782,Chittochi,20/06/2026;15:55:06,0
ce0f19fe-7851-47d2-9f40-32f4c8e0e924,0NightSword,20/06/2026;16:00:39,0
e038631f-983f-48c1-9e9c-fdf893368b7a,goobforlife,0,20/06/2026;16:03:31
e038631f-983f-48c1-9e9c-fdf893368b7a,goobforlife,20/06/2026;16:06:06,0
bf58b239-1ea0-4a10-a57c-a57d2d7faa30,vivianholiday,0,20/06/2026;16:07:40
ce0f19fe-7851-47d2-9f40-32f4c8e0e924,0NightSword,0,20/06/2026;16:08:53
ce0f19fe-7851-47d2-9f40-32f4c8e0e924,0NightSword,20/06/2026;16:09:06,0
ce0f19fe-7851-47d2-9f40-32f4c8e0e924,0NightSword,0,20/06/2026;16:12:48
ce0f19fe-7851-47d2-9f40-32f4c8e0e924,0NightSword,20/06/2026;16:12:52,0
ce0f19fe-7851-47d2-9f40-32f4c8e0e924,0NightSword,0,20/06/2026;16:34:13
ce0f19fe-7851-47d2-9f40-32f4c8e0e924,0NightSword,20/06/2026;16:34:25,0
e84ee678-1a9b-4517-a6ff-4c6199f1b782,Chittochi,0,20/06/2026;16:51:43
e84ee678-1a9b-4517-a6ff-4c6199f1b782,Chittochi,20/06/2026;16:51:49,0
e84ee678-1a9b-4517-a6ff-4c6199f1b782,Chittochi,0,20/06/2026;16:55:55
dd81ac6f-8caa-4c05-992b-41c465ff2f63,AFamiliarity,0,20/06/2026;16:56:18
4f0bb989-983d-4c0c-bf94-4cfa784dca60,Geebly,0,20/06/2026;17:08:37
fc26159a-c1cd-467b-812b-0334495d3efd,ValeGrave,0,20/06/2026;17:12:37
5f1716cf-1541-4485-bddc-c297ef66f5bd,_Hark,20/06/2026;17:16:04,0
ad2da5f2-cede-4bb0-99d1-03bc1d581689,CloudyTkT,20/06/2026;17:27:31,0
75f51159-85d3-42eb-9710-f6ec3ad348a0,SashKings,20/06/2026;17:31:42,0
ad2da5f2-cede-4bb0-99d1-03bc1d581689,CloudyTkT,0,20/06/2026;17:35:15
dd81ac6f-8caa-4c05-992b-41c465ff2f63,AFamiliarity,20/06/2026;17:35:37,0
dd81ac6f-8caa-4c05-992b-41c465ff2f63,AFamiliarity,0,20/06/2026;17:47:36
ce0f19fe-7851-47d2-9f40-32f4c8e0e924,0NightSword,0,20/06/2026;17:58:16
afb8452f-c87a-491f-9913-33c15032055e,iamstormbound,0,20/06/2026;17:59:02
afb8452f-c87a-491f-9913-33c15032055e,iamstormbound,20/06/2026;17:59:05,0
ce0f19fe-7851-47d2-9f40-32f4c8e0e924,0NightSword,20/06/2026;18:01:03,0
7c75b21e-8e65-4fef-8043-dbb0e7d21439,oneGhost_,0,20/06/2026;18:07:34
dd81ac6f-8caa-4c05-992b-41c465ff2f63,AFamiliarity,20/06/2026;18:13:41,0
dd81ac6f-8caa-4c05-992b-41c465ff2f63,AFamiliarity,0,20/06/2026;18:13:52
dd81ac6f-8caa-4c05-992b-41c465ff2f63,AFamiliarity,20/06/2026;18:14:56,0
4f0bb989-983d-4c0c-bf94-4cfa784dca60,Geebly,20/06/2026;18:16:32,0
5f1716cf-1541-4485-bddc-c297ef66f5bd,_Hark,0,20/06/2026;18:21:10
ac435971-bfb7-4f5e-a9ea-32335a2acee2,Riotte,0,20/06/2026;18:28:18
4f0bb989-983d-4c0c-bf94-4cfa784dca60,Geebly,0,20/06/2026;18:30:32
afb8452f-c87a-491f-9913-33c15032055e,iamstormbound,0,20/06/2026;18:37:35
4f0bb989-983d-4c0c-bf94-4cfa784dca60,Geebly,20/06/2026;18:44:51,0
e038631f-983f-48c1-9e9c-fdf893368b7a,goobforlife,0,20/06/2026;18:48:58
5f1716cf-1541-4485-bddc-c297ef66f5bd,_Hark,20/06/2026;18:55:21,0
3cfaa24a-a43b-43b1-b893-5c849aeca8b1,ImNycleo,0,20/06/2026;19:19:41
3cfaa24a-a43b-43b1-b893-5c849aeca8b1,ImNycleo,20/06/2026;19:21:36,0
afb8452f-c87a-491f-9913-33c15032055e,iamstormbound,20/06/2026;19:22:03,0
3cfaa24a-a43b-43b1-b893-5c849aeca8b1,ImNycleo,0,20/06/2026;19:30:12
afb8452f-c87a-491f-9913-33c15032055e,iamstormbound,0,20/06/2026;19:34:55
e84ee678-1a9b-4517-a6ff-4c6199f1b782,Chittochi,20/06/2026;19:58:32,0
33a27411-7886-4c65-8eb1-1b55b6f4184d,Kleptoplasm,20/06/2026;20:22:54,0
25b985ae-aca4-46d4-89c6-fa98a3151569,LucinhaLinda20,20/06/2026;20:23:00,0
33a27411-7886-4c65-8eb1-1b55b6f4184d,Kleptoplasm,0,20/06/2026;20:25:46
33a27411-7886-4c65-8eb1-1b55b6f4184d,Kleptoplasm,20/06/2026;20:27:33,0
33a27411-7886-4c65-8eb1-1b55b6f4184d,Kleptoplasm,0,20/06/2026;20:27:39
33a27411-7886-4c65-8eb1-1b55b6f4184d,Kleptoplasm,20/06/2026;20:28:31,0
7bec3e49-61c6-4a2e-9f16-719bffc434ec,MaximusPrimed,20/06/2026;20:34:40,0
8e598f9b-ff76-405a-9368-3f0925163b6a,MoldyNeptune,20/06/2026;20:35:46,0
25b985ae-aca4-46d4-89c6-fa98a3151569,LucinhaLinda20,0,20/06/2026;20:37:31
3cfaa24a-a43b-43b1-b893-5c849aeca8b1,ImNycleo,20/06/2026;20:39:39,0
f03a4aea-0a70-4c8a-b32d-8cb4a485a70d,Link_lord905,20/06/2026;20:48:45,0
f79dd909-767b-4881-808f-79405f167858,ArgonOil39,20/06/2026;20:48:54,0
39d1266b-6dc7-4c5b-8183-9fc49869c77e,D41sy_,20/06/2026;20:48:55,0
c081e423-8f22-47de-81f8-be3654829f88,AFlamingPhoenix,20/06/2026;20:48:59,0
f03a4aea-0a70-4c8a-b32d-8cb4a485a70d,Link_lord905,0,20/06/2026;20:51:48
f03a4aea-0a70-4c8a-b32d-8cb4a485a70d,Link_lord905,20/06/2026;20:51:55,0
f03a4aea-0a70-4c8a-b32d-8cb4a485a70d,Link_lord905,0,20/06/2026;20:57:12
dc5002ff-88e8-49b5-917b-c8a8e27382e5,_Kxks,20/06/2026;21:00:29,0
fc26159a-c1cd-467b-812b-0334495d3efd,ValeGrave,20/06/2026;21:00:44,0
4f0bb989-983d-4c0c-bf94-4cfa784dca60,Geebly,0,20/06/2026;21:01:27
4f0bb989-983d-4c0c-bf94-4cfa784dca60,Geebly,20/06/2026;21:04:08,0
dc5002ff-88e8-49b5-917b-c8a8e27382e5,_Kxks,0,20/06/2026;21:09:30
dc5002ff-88e8-49b5-917b-c8a8e27382e5,_Kxks,20/06/2026;21:09:38,0
dc5002ff-88e8-49b5-917b-c8a8e27382e5,_Kxks,0,20/06/2026;21:10:53
dc5002ff-88e8-49b5-917b-c8a8e27382e5,_Kxks,20/06/2026;21:11:04,0
dc5002ff-88e8-49b5-917b-c8a8e27382e5,_Kxks,0,20/06/2026;21:11:59
dc5002ff-88e8-49b5-917b-c8a8e27382e5,_Kxks,20/06/2026;21:11:59,0
7c75b21e-8e65-4fef-8043-dbb0e7d21439,oneGhost_,20/06/2026;21:13:10,0
f79dd909-767b-4881-808f-79405f167858,ArgonOil39,0,20/06/2026;21:18:31
f79dd909-767b-4881-808f-79405f167858,ArgonOil39,20/06/2026;21:18:35,0
dc5002ff-88e8-49b5-917b-c8a8e27382e5,_Kxks,0,20/06/2026;21:30:01
dc5002ff-88e8-49b5-917b-c8a8e27382e5,_Kxks,20/06/2026;21:30:06,0
5f1716cf-1541-4485-bddc-c297ef66f5bd,_Hark,0,20/06/2026;21:36:38
dc5002ff-88e8-49b5-917b-c8a8e27382e5,_Kxks,0,20/06/2026;21:36:56
dc5002ff-88e8-49b5-917b-c8a8e27382e5,_Kxks,20/06/2026;21:38:40,0
ce0f19fe-7851-47d2-9f40-32f4c8e0e924,0NightSword,0,20/06/2026;21:43:15
f03a4aea-0a70-4c8a-b32d-8cb4a485a70d,Link_lord905,20/06/2026;21:50:49,0
dc5002ff-88e8-49b5-917b-c8a8e27382e5,_Kxks,0,20/06/2026;21:50:50
f03a4aea-0a70-4c8a-b32d-8cb4a485a70d,Link_lord905,0,20/06/2026;21:56:27
8e598f9b-ff76-405a-9368-3f0925163b6a,MoldyNeptune,0,20/06/2026;21:58:34
8e598f9b-ff76-405a-9368-3f0925163b6a,MoldyNeptune,20/06/2026;21:59:19,0
dd81ac6f-8caa-4c05-992b-41c465ff2f63,AFamiliarity,0,20/06/2026;22:04:20
fc26159a-c1cd-467b-812b-0334495d3efd,ValeGrave,0,20/06/2026;22:09:31
fc26159a-c1cd-467b-812b-0334495d3efd,ValeGrave,20/06/2026;22:09:34,0
f79dd909-767b-4881-808f-79405f167858,ArgonOil39,0,20/06/2026;22:15:11
f79dd909-767b-4881-808f-79405f167858,ArgonOil39,20/06/2026;22:15:14,0
e84ee678-1a9b-4517-a6ff-4c6199f1b782,Chittochi,0,20/06/2026;22:24:47
33a27411-7886-4c65-8eb1-1b55b6f4184d,Kleptoplasm,0,20/06/2026;22:41:21
33a27411-7886-4c65-8eb1-1b55b6f4184d,Kleptoplasm,20/06/2026;22:42:03,0
33a27411-7886-4c65-8eb1-1b55b6f4184d,Kleptoplasm,0,20/06/2026;22:43:03
33a27411-7886-4c65-8eb1-1b55b6f4184d,Kleptoplasm,20/06/2026;22:44:03,0
f79dd909-767b-4881-808f-79405f167858,ArgonOil39,0,20/06/2026;22:44:29
f79dd909-767b-4881-808f-79405f167858,ArgonOil39,20/06/2026;22:44:33,0
75f51159-85d3-42eb-9710-f6ec3ad348a0,SashKings,0,20/06/2026;22:45:57
f79dd909-767b-4881-808f-79405f167858,ArgonOil39,0,20/06/2026;22:47:27
f79dd909-767b-4881-808f-79405f167858,ArgonOil39,20/06/2026;22:47:30,0
33a27411-7886-4c65-8eb1-1b55b6f4184d,Kleptoplasm,0,20/06/2026;23:05:29
f79dd909-767b-4881-808f-79405f167858,ArgonOil39,0,20/06/2026;23:20:00
f79dd909-767b-4881-808f-79405f167858,ArgonOil39,20/06/2026;23:20:15,0
c081e423-8f22-47de-81f8-be3654829f88,AFlamingPhoenix,0,20/06/2026;23:30:51
7c75b21e-8e65-4fef-8043-dbb0e7d21439,oneGhost_,0,20/06/2026;23:32:05
39d1266b-6dc7-4c5b-8183-9fc49869c77e,D41sy_,0,20/06/2026;23:40:15
3cfaa24a-a43b-43b1-b893-5c849aeca8b1,ImNycleo,0,20/06/2026;23:40:16
f79dd909-767b-4881-808f-79405f167858,ArgonOil39,0,20/06/2026;23:40:17
4f0bb989-983d-4c0c-bf94-4cfa784dca60,Geebly,0,21/06/2026;00:08:36
8e598f9b-ff76-405a-9368-3f0925163b6a,MoldyNeptune,21/06/2026;00:16:07,0
8e598f9b-ff76-405a-9368-3f0925163b6a,MoldyNeptune,0,21/06/2026;00:16:21
8e598f9b-ff76-405a-9368-3f0925163b6a,MoldyNeptune,21/06/2026;00:59:19,0
8e598f9b-ff76-405a-9368-3f0925163b6a,MoldyNeptune,0,21/06/2026;00:59:24
8e598f9b-ff76-405a-9368-3f0925163b6a,MoldyNeptune,21/06/2026;01:02:03,0
b705ccdd-dd40-455b-b092-22b2011a57bf,Skywalkered,21/06/2026;01:22:43,0
7bec3e49-61c6-4a2e-9f16-719bffc434ec,MaximusPrimed,21/06/2026;01:32:01,0
ed44d55f-9f5b-42d5-8821-7499a9a558cf,DatGuYouKnow,21/06/2026;02:41:44,0
ed44d55f-9f5b-42d5-8821-7499a9a558cf,DatGuYouKnow,0,21/06/2026;02:42:14
ed44d55f-9f5b-42d5-8821-7499a9a558cf,DatGuYouKnow,21/06/2026;02:42:22,0
ed44d55f-9f5b-42d5-8821-7499a9a558cf,DatGuYouKnow,0,21/06/2026;03:24:41
e9fc1771-ce99-4a7b-8e74-84fa391a9144,SkyRedly,21/06/2026;04:03:21,0
e9fc1771-ce99-4a7b-8e74-84fa391a9144,SkyRedly,0,21/06/2026;05:20:44
8e598f9b-ff76-405a-9368-3f0925163b6a,MoldyNeptune,0,21/06/2026;05:21:34
7bec3e49-61c6-4a2e-9f16-719bffc434ec,MaximusPrimed,0,21/06/2026;05:22:22
afb8452f-c87a-491f-9913-33c15032055e,iamstormbound,21/06/2026;07:13:29,0
afb8452f-c87a-491f-9913-33c15032055e,iamstormbound,0,21/06/2026;07:17:54
5f1716cf-1541-4485-bddc-c297ef66f5bd,_Hark,21/06/2026;07:39:03,0
33a27411-7886-4c65-8eb1-1b55b6f4184d,Kleptoplasm,21/06/2026;07:49:53,0
afb8452f-c87a-491f-9913-33c15032055e,iamstormbound,21/06/2026;08:19:01,0
afb8452f-c87a-491f-9913-33c15032055e,iamstormbound,0,21/06/2026;08:25:44
afb8452f-c87a-491f-9913-33c15032055e,iamstormbound,21/06/2026;08:52:05,0
33a27411-7886-4c65-8eb1-1b55b6f4184d,Kleptoplasm,0,21/06/2026;08:52:40
0fc8752c-cafa-4570-a173-3dfa24336c11,KindaNiki,21/06/2026;09:18:06,0
0fc8752c-cafa-4570-a173-3dfa24336c11,KindaNiki,0,21/06/2026;09:18:52
0fc8752c-cafa-4570-a173-3dfa24336c11,KindaNiki,21/06/2026;09:20:10,0
0fc8752c-cafa-4570-a173-3dfa24336c11,KindaNiki,0,21/06/2026;09:20:56
0fc8752c-cafa-4570-a173-3dfa24336c11,KindaNiki,21/06/2026;09:21:21,0
0fc8752c-cafa-4570-a173-3dfa24336c11,KindaNiki,0,21/06/2026;09:21:53
0fc8752c-cafa-4570-a173-3dfa24336c11,KindaNiki,21/06/2026;09:22:48,0
0fc8752c-cafa-4570-a173-3dfa24336c11,KindaNiki,0,21/06/2026;09:23:18
ed44d55f-9f5b-42d5-8821-7499a9a558cf,DatGuYouKnow,21/06/2026;09:23:40,0
ed44d55f-9f5b-42d5-8821-7499a9a558cf,DatGuYouKnow,0,21/06/2026;09:24:11
ed44d55f-9f5b-42d5-8821-7499a9a558cf,DatGuYouKnow,21/06/2026;09:24:20,0
39d1266b-6dc7-4c5b-8183-9fc49869c77e,D41sy_,21/06/2026;09:26:28,0
0fc8752c-cafa-4570-a173-3dfa24336c11,KindaNiki,21/06/2026;09:28:33,0
39d1266b-6dc7-4c5b-8183-9fc49869c77e,D41sy_,0,21/06/2026;09:28:45
39d1266b-6dc7-4c5b-8183-9fc49869c77e,D41sy_,21/06/2026;09:28:52,0
39d1266b-6dc7-4c5b-8183-9fc49869c77e,D41sy_,0,21/06/2026;09:28:58
39d1266b-6dc7-4c5b-8183-9fc49869c77e,D41sy_,21/06/2026;09:29:48,0
0fc8752c-cafa-4570-a173-3dfa24336c11,KindaNiki,0,21/06/2026;09:30:00
0fc8752c-cafa-4570-a173-3dfa24336c11,KindaNiki,21/06/2026;09:30:47,0
0fc8752c-cafa-4570-a173-3dfa24336c11,KindaNiki,0,21/06/2026;09:31:16
dc5002ff-88e8-49b5-917b-c8a8e27382e5,_Kxks,21/06/2026;09:33:58,0
dc5002ff-88e8-49b5-917b-c8a8e27382e5,_Kxks,0,21/06/2026;09:35:15
dc5002ff-88e8-49b5-917b-c8a8e27382e5,_Kxks,21/06/2026;09:35:20,0
dc5002ff-88e8-49b5-917b-c8a8e27382e5,_Kxks,0,21/06/2026;09:36:01
dc5002ff-88e8-49b5-917b-c8a8e27382e5,_Kxks,21/06/2026;09:36:13,0
f79dd909-767b-4881-808f-79405f167858,ArgonOil39,21/06/2026;09:43:08,0
0fc8752c-cafa-4570-a173-3dfa24336c11,KindaNiki,21/06/2026;09:44:01,0
0fc8752c-cafa-4570-a173-3dfa24336c11,KindaNiki,0,21/06/2026;09:44:28
0fc8752c-cafa-4570-a173-3dfa24336c11,KindaNiki,21/06/2026;09:45:39,0
afb8452f-c87a-491f-9913-33c15032055e,iamstormbound,0,21/06/2026;09:55:09
5f1716cf-1541-4485-bddc-c297ef66f5bd,_Hark,0,21/06/2026;09:56:05
afb8452f-c87a-491f-9913-33c15032055e,iamstormbound,21/06/2026;09:59:31,0
33a27411-7886-4c65-8eb1-1b55b6f4184d,Kleptoplasm,21/06/2026;10:02:38,0
ed44d55f-9f5b-42d5-8821-7499a9a558cf,DatGuYouKnow,0,21/06/2026;10:25:58
33a27411-7886-4c65-8eb1-1b55b6f4184d,Kleptoplasm,0,21/06/2026;10:39:26
33a27411-7886-4c65-8eb1-1b55b6f4184d,Kleptoplasm,21/06/2026;10:39:33,0
dd81ac6f-8caa-4c05-992b-41c465ff2f63,AFamiliarity,21/06/2026;10:49:20,0
dc5002ff-88e8-49b5-917b-c8a8e27382e5,_Kxks,0,21/06/2026;10:54:25
afb8452f-c87a-491f-9913-33c15032055e,iamstormbound,0,21/06/2026;11:01:26
afb8452f-c87a-491f-9913-33c15032055e,iamstormbound,21/06/2026;11:02:06,0
39d1266b-6dc7-4c5b-8183-9fc49869c77e,D41sy_,0,21/06/2026;11:17:21
5f1716cf-1541-4485-bddc-c297ef66f5bd,_Hark,21/06/2026;11:18:37,0
afb8452f-c87a-491f-9913-33c15032055e,iamstormbound,0,21/06/2026;11:21:41
ce0f19fe-7851-47d2-9f40-32f4c8e0e924,0NightSword,21/06/2026;11:28:22,0
33a27411-7886-4c65-8eb1-1b55b6f4184d,Kleptoplasm,0,21/06/2026;11:30:35
33a27411-7886-4c65-8eb1-1b55b6f4184d,Kleptoplasm,21/06/2026;11:32:27,0
39d1266b-6dc7-4c5b-8183-9fc49869c77e,D41sy_,21/06/2026;11:38:05,0
5f1716cf-1541-4485-bddc-c297ef66f5bd,_Hark,0,21/06/2026;11:39:28
ce0f19fe-7851-47d2-9f40-32f4c8e0e924,0NightSword,0,21/06/2026;11:42:08
b705ccdd-dd40-455b-b092-22b2011a57bf,Skywalkered,0,21/06/2026;11:44:41
b705ccdd-dd40-455b-b092-22b2011a57bf,Skywalkered,21/06/2026;11:44:44,0
ce0f19fe-7851-47d2-9f40-32f4c8e0e924,0NightSword,21/06/2026;11:45:51,0
4f0bb989-983d-4c0c-bf94-4cfa784dca60,Geebly,21/06/2026;11:48:42,0
afb8452f-c87a-491f-9913-33c15032055e,iamstormbound,21/06/2026;11:50:12,0
ce0f19fe-7851-47d2-9f40-32f4c8e0e924,0NightSword,0,21/06/2026;11:51:52
f79dd909-767b-4881-808f-79405f167858,ArgonOil39,0,21/06/2026;11:56:37
ce0f19fe-7851-47d2-9f40-32f4c8e0e924,0NightSword,21/06/2026;11:59:24,0
3cfaa24a-a43b-43b1-b893-5c849aeca8b1,ImNycleo,21/06/2026;12:00:48,0
33a27411-7886-4c65-8eb1-1b55b6f4184d,Kleptoplasm,0,21/06/2026;12:05:26
fc26159a-c1cd-467b-812b-0334495d3efd,ValeGrave,21/06/2026;12:26:27,0
e84ee678-1a9b-4517-a6ff-4c6199f1b782,Chittochi,21/06/2026;12:36:30,0
ce0f19fe-7851-47d2-9f40-32f4c8e0e924,0NightSword,0,21/06/2026;12:47:23
ce0f19fe-7851-47d2-9f40-32f4c8e0e924,0NightSword,21/06/2026;12:47:56,0
e84ee678-1a9b-4517-a6ff-4c6199f1b782,Chittochi,0,21/06/2026;12:51:14
fc26159a-c1cd-467b-812b-0334495d3efd,ValeGrave,0,21/06/2026;12:54:45
0fc8752c-cafa-4570-a173-3dfa24336c11,KindaNiki,0,21/06/2026;12:54:45
39d1266b-6dc7-4c5b-8183-9fc49869c77e,D41sy_,0,21/06/2026;12:54:45
4f0bb989-983d-4c0c-bf94-4cfa784dca60,Geebly,0,21/06/2026;12:54:46
afb8452f-c87a-491f-9913-33c15032055e,iamstormbound,0,21/06/2026;12:54:46
ce0f19fe-7851-47d2-9f40-32f4c8e0e924,0NightSword,0,21/06/2026;12:54:46
dd81ac6f-8caa-4c05-992b-41c465ff2f63,AFamiliarity,21/06/2026;12:59:52,0
ec561538-f3fd-461d-aff5-086b22154bce,Alex,21/06/2026;13:00:57,0
ec561538-f3fd-461d-aff5-086b22154bce,Alex,0,21/06/2026;13:01:07
dd81ac6f-8caa-4c05-992b-41c465ff2f63,AFamiliarity,21/06/2026;13:11:55,0
afb8452f-c87a-491f-9913-33c15032055e,iamstormbound,21/06/2026;13:16:13,0
fc26159a-c1cd-467b-812b-0334495d3efd,ValeGrave,21/06/2026;13:16:13,0
39d1266b-6dc7-4c5b-8183-9fc49869c77e,D41sy_,21/06/2026;13:16:14,0
e84ee678-1a9b-4517-a6ff-4c6199f1b782,Chittochi,21/06/2026;13:16:16,0
ed44d55f-9f5b-42d5-8821-7499a9a558cf,DatGuYouKnow,21/06/2026;13:16:35,0
ed44d55f-9f5b-42d5-8821-7499a9a558cf,DatGuYouKnow,0,21/06/2026;13:16:58
ce0f19fe-7851-47d2-9f40-32f4c8e0e924,0NightSword,21/06/2026;13:17:01,0
ed44d55f-9f5b-42d5-8821-7499a9a558cf,DatGuYouKnow,21/06/2026;13:17:03,0
b705ccdd-dd40-455b-b092-22b2011a57bf,Skywalkered,21/06/2026;13:17:27,0
b705ccdd-dd40-455b-b092-22b2011a57bf,Skywalkered,0,21/06/2026;13:17:33
b705ccdd-dd40-455b-b092-22b2011a57bf,Skywalkered,21/06/2026;13:17:47,0
3cfaa24a-a43b-43b1-b893-5c849aeca8b1,ImNycleo,21/06/2026;13:18:47,0
121fee2c-33d8-478f-bb4b-1e96e963e297,PixelPioneer911,21/06/2026;13:19:29,0
b705ccdd-dd40-455b-b092-22b2011a57bf,Skywalkered,0,21/06/2026;13:19:41
b705ccdd-dd40-455b-b092-22b2011a57bf,Skywalkered,21/06/2026;13:19:44,0
f7bdbae4-e492-4fef-bb8d-01cfcd68487d,BreadGod,21/06/2026;13:21:31,0
f7bdbae4-e492-4fef-bb8d-01cfcd68487d,BreadGod,0,21/06/2026;13:21:50
4a253a4d-ae5e-488e-a03c-2b04f51fd01f,DrEihpos,21/06/2026;13:22:06,0
4a253a4d-ae5e-488e-a03c-2b04f51fd01f,DrEihpos,0,21/06/2026;13:22:10
e84ee678-1a9b-4517-a6ff-4c6199f1b782,Chittochi,0,21/06/2026;13:28:31
e84ee678-1a9b-4517-a6ff-4c6199f1b782,Chittochi,21/06/2026;13:28:41,0
b705ccdd-dd40-455b-b092-22b2011a57bf,Skywalkered,0,21/06/2026;13:31:23
b705ccdd-dd40-455b-b092-22b2011a57bf,Skywalkered,21/06/2026;13:31:30,0
33a27411-7886-4c65-8eb1-1b55b6f4184d,Kleptoplasm,21/06/2026;13:31:41,0
b705ccdd-dd40-455b-b092-22b2011a57bf,Skywalkered,0,21/06/2026;13:32:02
b705ccdd-dd40-455b-b092-22b2011a57bf,Skywalkered,21/06/2026;13:32:06,0
b705ccdd-dd40-455b-b092-22b2011a57bf,Skywalkered,0,21/06/2026;13:33:43
b705ccdd-dd40-455b-b092-22b2011a57bf,Skywalkered,21/06/2026;13:33:47,0
4f0bb989-983d-4c0c-bf94-4cfa784dca60,Geebly,21/06/2026;13:34:25,0
121fee2c-33d8-478f-bb4b-1e96e963e297,PixelPioneer911,0,21/06/2026;13:34:32
afb8452f-c87a-491f-9913-33c15032055e,iamstormbound,0,21/06/2026;13:35:15
afb8452f-c87a-491f-9913-33c15032055e,iamstormbound,21/06/2026;13:35:31,0
121fee2c-33d8-478f-bb4b-1e96e963e297,PixelPioneer911,21/06/2026;13:36:25,0
b705ccdd-dd40-455b-b092-22b2011a57bf,Skywalkered,0,21/06/2026;13:36:32
fc26159a-c1cd-467b-812b-0334495d3efd,ValeGrave,0,21/06/2026;13:36:38
b705ccdd-dd40-455b-b092-22b2011a57bf,Skywalkered,21/06/2026;13:36:40,0
fc26159a-c1cd-467b-812b-0334495d3efd,ValeGrave,21/06/2026;13:36:54,0
ce0f19fe-7851-47d2-9f40-32f4c8e0e924,0NightSword,0,21/06/2026;13:37:53
ce0f19fe-7851-47d2-9f40-32f4c8e0e924,0NightSword,21/06/2026;13:41:49,0
f79dd909-767b-4881-808f-79405f167858,ArgonOil39,21/06/2026;13:45:54,0
75f51159-85d3-42eb-9710-f6ec3ad348a0,SashKings,21/06/2026;13:46:39,0
f79dd909-767b-4881-808f-79405f167858,ArgonOil39,0,21/06/2026;13:46:56
f79dd909-767b-4881-808f-79405f167858,ArgonOil39,21/06/2026;13:47:02,0
dd81ac6f-8caa-4c05-992b-41c465ff2f63,AFamiliarity,0,21/06/2026;13:48:09
dd81ac6f-8caa-4c05-992b-41c465ff2f63,AFamiliarity,21/06/2026;13:48:13,0
ed44d55f-9f5b-42d5-8821-7499a9a558cf,DatGuYouKnow,0,21/06/2026;13:48:20
ed44d55f-9f5b-42d5-8821-7499a9a558cf,DatGuYouKnow,21/06/2026;13:48:27,0
39d1266b-6dc7-4c5b-8183-9fc49869c77e,D41sy_,0,21/06/2026;13:57:23
0fc8752c-cafa-4570-a173-3dfa24336c11,KindaNiki,21/06/2026;13:57:51,0
39d1266b-6dc7-4c5b-8183-9fc49869c77e,D41sy_,21/06/2026;14:00:53,0
33a27411-7886-4c65-8eb1-1b55b6f4184d,Kleptoplasm,0,21/06/2026;14:02:35
f79dd909-767b-4881-808f-79405f167858,ArgonOil39,0,21/06/2026;14:03:18
f79dd909-767b-4881-808f-79405f167858,ArgonOil39,21/06/2026;14:03:29,0
33a27411-7886-4c65-8eb1-1b55b6f4184d,Kleptoplasm,21/06/2026;14:05:48,0
3cfaa24a-a43b-43b1-b893-5c849aeca8b1,ImNycleo,0,21/06/2026;14:06:06
3cfaa24a-a43b-43b1-b893-5c849aeca8b1,ImNycleo,21/06/2026;14:06:13,0
75f51159-85d3-42eb-9710-f6ec3ad348a0,SashKings,0,21/06/2026;14:07:01
f79dd909-767b-4881-808f-79405f167858,ArgonOil39,0,21/06/2026;14:07:16
f79dd909-767b-4881-808f-79405f167858,ArgonOil39,21/06/2026;14:07:22,0
39d1266b-6dc7-4c5b-8183-9fc49869c77e,D41sy_,0,21/06/2026;14:08:49
dd81ac6f-8caa-4c05-992b-41c465ff2f63,AFamiliarity,0,21/06/2026;14:09:48
39d1266b-6dc7-4c5b-8183-9fc49869c77e,D41sy_,21/06/2026;14:11:21,0
fc26159a-c1cd-467b-812b-0334495d3efd,ValeGrave,0,21/06/2026;14:11:55
75f51159-85d3-42eb-9710-f6ec3ad348a0,SashKings,21/06/2026;14:13:38,0
75f51159-85d3-42eb-9710-f6ec3ad348a0,SashKings,0,21/06/2026;14:14:08
75f51159-85d3-42eb-9710-f6ec3ad348a0,SashKings,21/06/2026;14:14:36,0
fc26159a-c1cd-467b-812b-0334495d3efd,ValeGrave,21/06/2026;14:15:42,0
39d1266b-6dc7-4c5b-8183-9fc49869c77e,D41sy_,0,21/06/2026;14:17:31
39d1266b-6dc7-4c5b-8183-9fc49869c77e,D41sy_,21/06/2026;14:17:52,0
ed44d55f-9f5b-42d5-8821-7499a9a558cf,DatGuYouKnow,0,21/06/2026;14:22:19
f79dd909-767b-4881-808f-79405f167858,ArgonOil39,0,21/06/2026;14:23:11
f79dd909-767b-4881-808f-79405f167858,ArgonOil39,21/06/2026;14:23:21,0
f79dd909-767b-4881-808f-79405f167858,ArgonOil39,0,21/06/2026;14:23:51
e84ee678-1a9b-4517-a6ff-4c6199f1b782,Chittochi,0,21/06/2026;14:24:21
f79dd909-767b-4881-808f-79405f167858,ArgonOil39,21/06/2026;14:24:24,0
e84ee678-1a9b-4517-a6ff-4c6199f1b782,Chittochi,21/06/2026;14:24:35,0
e84ee678-1a9b-4517-a6ff-4c6199f1b782,Chittochi,0,21/06/2026;14:25:08
e84ee678-1a9b-4517-a6ff-4c6199f1b782,Chittochi,21/06/2026;14:25:18,0
e84ee678-1a9b-4517-a6ff-4c6199f1b782,Chittochi,0,21/06/2026;14:26:06
e84ee678-1a9b-4517-a6ff-4c6199f1b782,Chittochi,21/06/2026;14:26:19,0
e84ee678-1a9b-4517-a6ff-4c6199f1b782,Chittochi,0,21/06/2026;14:27:00
33a27411-7886-4c65-8eb1-1b55b6f4184d,Kleptoplasm,0,21/06/2026;14:28:17
33a27411-7886-4c65-8eb1-1b55b6f4184d,Kleptoplasm,21/06/2026;14:28:41,0
dc5002ff-88e8-49b5-917b-c8a8e27382e5,_Kxks,21/06/2026;14:29:22,0
e84ee678-1a9b-4517-a6ff-4c6199f1b782,Chittochi,21/06/2026;14:29:35,0
051c9aed-79e5-4f65-863c-b8b73458c3d9,CartoonInferior,21/06/2026;14:29:42,0
dc5002ff-88e8-49b5-917b-c8a8e27382e5,_Kxks,0,21/06/2026;14:29:52
e84ee678-1a9b-4517-a6ff-4c6199f1b782,Chittochi,0,21/06/2026;14:30:02
dc5002ff-88e8-49b5-917b-c8a8e27382e5,_Kxks,21/06/2026;14:30:03,0
33a27411-7886-4c65-8eb1-1b55b6f4184d,Kleptoplasm,0,21/06/2026;14:31:41
fc26159a-c1cd-467b-812b-0334495d3efd,ValeGrave,21/06/2026;14:33:55,0
afb8452f-c87a-491f-9913-33c15032055e,iamstormbound,21/06/2026;14:34:02,0
051c9aed-79e5-4f65-863c-b8b73458c3d9,CartoonInferior,21/06/2026;14:34:03,0
0fc8752c-cafa-4570-a173-3dfa24336c11,KindaNiki,21/06/2026;14:34:05,0
e84ee678-1a9b-4517-a6ff-4c6199f1b782,Chittochi,21/06/2026;14:34:09,0
dc5002ff-88e8-49b5-917b-c8a8e27382e5,_Kxks,21/06/2026;14:34:19,0
121fee2c-33d8-478f-bb4b-1e96e963e297,PixelPioneer911,21/06/2026;14:34:28,0
75f51159-85d3-42eb-9710-f6ec3ad348a0,SashKings,21/06/2026;14:34:29,0
3cfaa24a-a43b-43b1-b893-5c849aeca8b1,ImNycleo,21/06/2026;14:34:32,0
ce0f19fe-7851-47d2-9f40-32f4c8e0e924,0NightSword,21/06/2026;14:34:54,0
39d1266b-6dc7-4c5b-8183-9fc49869c77e,D41sy_,21/06/2026;14:37:56,0
0fc8752c-cafa-4570-a173-3dfa24336c11,KindaNiki,0,21/06/2026;14:38:44
0fc8752c-cafa-4570-a173-3dfa24336c11,KindaNiki,21/06/2026;14:38:55,0
3cfaa24a-a43b-43b1-b893-5c849aeca8b1,ImNycleo,0,21/06/2026;14:42:43
3cfaa24a-a43b-43b1-b893-5c849aeca8b1,ImNycleo,21/06/2026;14:43:19,0
39d1266b-6dc7-4c5b-8183-9fc49869c77e,D41sy_,0,21/06/2026;14:56:52
39d1266b-6dc7-4c5b-8183-9fc49869c77e,D41sy_,21/06/2026;14:57:15,0
e84ee678-1a9b-4517-a6ff-4c6199f1b782,Chittochi,0,21/06/2026;15:03:59
e84ee678-1a9b-4517-a6ff-4c6199f1b782,Chittochi,21/06/2026;15:05:10,0
e84ee678-1a9b-4517-a6ff-4c6199f1b782,Chittochi,0,21/06/2026;15:05:40
5f1716cf-1541-4485-bddc-c297ef66f5bd,_Hark,21/06/2026;15:05:45,0
e84ee678-1a9b-4517-a6ff-4c6199f1b782,Chittochi,21/06/2026;15:06:07,0
5f1716cf-1541-4485-bddc-c297ef66f5bd,_Hark,0,21/06/2026;15:06:18
5f1716cf-1541-4485-bddc-c297ef66f5bd,_Hark,21/06/2026;15:06:48,0
e84ee678-1a9b-4517-a6ff-4c6199f1b782,Chittochi,0,21/06/2026;15:07:07
e84ee678-1a9b-4517-a6ff-4c6199f1b782,Chittochi,21/06/2026;15:07:29,0
dc5002ff-88e8-49b5-917b-c8a8e27382e5,_Kxks,0,21/06/2026;15:07:47
5f1716cf-1541-4485-bddc-c297ef66f5bd,_Hark,0,21/06/2026;15:07:53
e84ee678-1a9b-4517-a6ff-4c6199f1b782,Chittochi,0,21/06/2026;15:08:11
5f1716cf-1541-4485-bddc-c297ef66f5bd,_Hark,21/06/2026;15:08:30,0
e84ee678-1a9b-4517-a6ff-4c6199f1b782,Chittochi,21/06/2026;15:08:36,0
ce0f19fe-7851-47d2-9f40-32f4c8e0e924,0NightSword,0,21/06/2026;15:09:04
e84ee678-1a9b-4517-a6ff-4c6199f1b782,Chittochi,0,21/06/2026;15:09:57
e84ee678-1a9b-4517-a6ff-4c6199f1b782,Chittochi,21/06/2026;15:10:04,0
dc5002ff-88e8-49b5-917b-c8a8e27382e5,_Kxks,21/06/2026;15:11:31,0
e84ee678-1a9b-4517-a6ff-4c6199f1b782,Chittochi,0,21/06/2026;15:11:40
e84ee678-1a9b-4517-a6ff-4c6199f1b782,Chittochi,21/06/2026;15:12:08,0
e84ee678-1a9b-4517-a6ff-4c6199f1b782,Chittochi,0,21/06/2026;15:12:19
39d1266b-6dc7-4c5b-8183-9fc49869c77e,D41sy_,0,21/06/2026;15:12:47
afb8452f-c87a-491f-9913-33c15032055e,iamstormbound,0,21/06/2026;15:14:43
e84ee678-1a9b-4517-a6ff-4c6199f1b782,Chittochi,21/06/2026;15:14:57,0
e84ee678-1a9b-4517-a6ff-4c6199f1b782,Chittochi,0,21/06/2026;15:15:42
121fee2c-33d8-478f-bb4b-1e96e963e297,PixelPioneer911,0,21/06/2026;15:15:53
e84ee678-1a9b-4517-a6ff-4c6199f1b782,Chittochi,21/06/2026;15:17:04,0
3cfaa24a-a43b-43b1-b893-5c849aeca8b1,ImNycleo,0,21/06/2026;15:17:25
e84ee678-1a9b-4517-a6ff-4c6199f1b782,Chittochi,0,21/06/2026;15:18:04
e84ee678-1a9b-4517-a6ff-4c6199f1b782,Chittochi,21/06/2026;15:21:08,0
fc26159a-c1cd-467b-812b-0334495d3efd,ValeGrave,0,21/06/2026;15:24:25
4f0bb989-983d-4c0c-bf94-4cfa784dca60,Geebly,21/06/2026;15:27:50,0
e84ee678-1a9b-4517-a6ff-4c6199f1b782,Chittochi,0,21/06/2026;15:27:56
e84ee678-1a9b-4517-a6ff-4c6199f1b782,Chittochi,21/06/2026;15:28:13,0
e84ee678-1a9b-4517-a6ff-4c6199f1b782,Chittochi,0,21/06/2026;15:29:14
e84ee678-1a9b-4517-a6ff-4c6199f1b782,Chittochi,21/06/2026;15:30:11,0
e84ee678-1a9b-4517-a6ff-4c6199f1b782,Chittochi,0,21/06/2026;15:30:41
ffc82226-64ae-4bef-87ec-db3c27b57923,EpicSnek,21/06/2026;15:30:50,0
33a27411-7886-4c65-8eb1-1b55b6f4184d,Kleptoplasm,21/06/2026;15:33:23,0
dd81ac6f-8caa-4c05-992b-41c465ff2f63,AFamiliarity,21/06/2026;15:34:33,0
e84ee678-1a9b-4517-a6ff-4c6199f1b782,Chittochi,21/06/2026;15:38:41,0
afb8452f-c87a-491f-9913-33c15032055e,iamstormbound,21/06/2026;15:38:45,0
e84ee678-1a9b-4517-a6ff-4c6199f1b782,Chittochi,0,21/06/2026;15:39:20
e84ee678-1a9b-4517-a6ff-4c6199f1b782,Chittochi,21/06/2026;15:39:53,0
e84ee678-1a9b-4517-a6ff-4c6199f1b782,Chittochi,0,21/06/2026;15:40:29
e84ee678-1a9b-4517-a6ff-4c6199f1b782,Chittochi,21/06/2026;15:40:42,0
e84ee678-1a9b-4517-a6ff-4c6199f1b782,Chittochi,0,21/06/2026;15:41:04
ffc82226-64ae-4bef-87ec-db3c27b57923,EpicSnek,0,21/06/2026;15:42:26
e84ee678-1a9b-4517-a6ff-4c6199f1b782,Chittochi,21/06/2026;15:43:44,0
39d1266b-6dc7-4c5b-8183-9fc49869c77e,D41sy_,21/06/2026;15:44:37,0
7c75b21e-8e65-4fef-8043-dbb0e7d21439,oneGhost_,21/06/2026;15:46:56,0
ffc82226-64ae-4bef-87ec-db3c27b57923,EpicSnek,21/06/2026;15:55:09,0
b705ccdd-dd40-455b-b092-22b2011a57bf,Skywalkered,21/06/2026;15:55:14,0
051c9aed-79e5-4f65-863c-b8b73458c3d9,CartoonInferior,0,21/06/2026;16:00:11
051c9aed-79e5-4f65-863c-b8b73458c3d9,CartoonInferior,21/06/2026;16:00:18,0
75f51159-85d3-42eb-9710-f6ec3ad348a0,SashKings,0,21/06/2026;16:09:22
75f51159-85d3-42eb-9710-f6ec3ad348a0,SashKings,21/06/2026;16:10:07,0
75f51159-85d3-42eb-9710-f6ec3ad348a0,SashKings,0,21/06/2026;16:11:11
dd81ac6f-8caa-4c05-992b-41c465ff2f63,AFamiliarity,0,21/06/2026;16:13:22
39d1266b-6dc7-4c5b-8183-9fc49869c77e,D41sy_,0,21/06/2026;16:14:12
e84ee678-1a9b-4517-a6ff-4c6199f1b782,Chittochi,0,21/06/2026;16:15:32
e84ee678-1a9b-4517-a6ff-4c6199f1b782,Chittochi,21/06/2026;16:15:47,0
e84ee678-1a9b-4517-a6ff-4c6199f1b782,Chittochi,0,21/06/2026;16:16:18
4f0bb989-983d-4c0c-bf94-4cfa784dca60,Geebly,0,21/06/2026;16:16:35
ac435971-bfb7-4f5e-a9ea-32335a2acee2,Riotte,21/06/2026;16:17:33,0
e84ee678-1a9b-4517-a6ff-4c6199f1b782,Chittochi,21/06/2026;16:18:27,0
e84ee678-1a9b-4517-a6ff-4c6199f1b782,Chittochi,0,21/06/2026;16:19:09
e84ee678-1a9b-4517-a6ff-4c6199f1b782,Chittochi,21/06/2026;16:20:43,0
e84ee678-1a9b-4517-a6ff-4c6199f1b782,Chittochi,0,21/06/2026;16:21:28
ffc82226-64ae-4bef-87ec-db3c27b57923,EpicSnek,0,21/06/2026;16:23:05
e84ee678-1a9b-4517-a6ff-4c6199f1b782,Chittochi,21/06/2026;16:26:05,0
e84ee678-1a9b-4517-a6ff-4c6199f1b782,Chittochi,0,21/06/2026;16:27:05
e84ee678-1a9b-4517-a6ff-4c6199f1b782,Chittochi,21/06/2026;16:29:49,0
e84ee678-1a9b-4517-a6ff-4c6199f1b782,Chittochi,0,21/06/2026;16:30:10
75f51159-85d3-42eb-9710-f6ec3ad348a0,SashKings,21/06/2026;16:30:48,0
dd81ac6f-8caa-4c05-992b-41c465ff2f63,AFamiliarity,21/06/2026;16:31:01,0
5f1716cf-1541-4485-bddc-c297ef66f5bd,_Hark,0,21/06/2026;16:39:04
051c9aed-79e5-4f65-863c-b8b73458c3d9,CartoonInferior,0,21/06/2026;16:44:42
051c9aed-79e5-4f65-863c-b8b73458c3d9,CartoonInferior,21/06/2026;16:45:47,0
ce0f19fe-7851-47d2-9f40-32f4c8e0e924,0NightSword,21/06/2026;16:47:43,0
c081e423-8f22-47de-81f8-be3654829f88,AFlamingPhoenix,21/06/2026;16:48:09,0
c081e423-8f22-47de-81f8-be3654829f88,AFlamingPhoenix,0,21/06/2026;16:49:38
ce0f19fe-7851-47d2-9f40-32f4c8e0e924,0NightSword,0,21/06/2026;16:49:40
ce0f19fe-7851-47d2-9f40-32f4c8e0e924,0NightSword,21/06/2026;16:49:57,0
7c75b21e-8e65-4fef-8043-dbb0e7d21439,oneGhost_,0,21/06/2026;16:50:02
33a27411-7886-4c65-8eb1-1b55b6f4184d,Kleptoplasm,0,21/06/2026;16:50:53
ffc82226-64ae-4bef-87ec-db3c27b57923,EpicSnek,21/06/2026;17:05:44,0
c081e423-8f22-47de-81f8-be3654829f88,AFlamingPhoenix,21/06/2026;17:07:13,0
dc5002ff-88e8-49b5-917b-c8a8e27382e5,_Kxks,0,21/06/2026;17:18:06
75f51159-85d3-42eb-9710-f6ec3ad348a0,SashKings,0,21/06/2026;17:20:11
8e598f9b-ff76-405a-9368-3f0925163b6a,MoldyNeptune,21/06/2026;17:36:18,0
7bec3e49-61c6-4a2e-9f16-719bffc434ec,MaximusPrimed,21/06/2026;17:41:29,0
39d1266b-6dc7-4c5b-8183-9fc49869c77e,D41sy_,21/06/2026;17:46:44,0
33a27411-7886-4c65-8eb1-1b55b6f4184d,Kleptoplasm,21/06/2026;17:51:12,0
c081e423-8f22-47de-81f8-be3654829f88,AFlamingPhoenix,0,21/06/2026;17:54:00
0fc8752c-cafa-4570-a173-3dfa24336c11,KindaNiki,0,21/06/2026;17:54:13
0fc8752c-cafa-4570-a173-3dfa24336c11,KindaNiki,21/06/2026;17:55:41,0
fc26159a-c1cd-467b-812b-0334495d3efd,ValeGrave,21/06/2026;17:57:47,0
4f0bb989-983d-4c0c-bf94-4cfa784dca60,Geebly,21/06/2026;17:58:08,0
3cfaa24a-a43b-43b1-b893-5c849aeca8b1,ImNycleo,21/06/2026;17:58:12,0
121fee2c-33d8-478f-bb4b-1e96e963e297,PixelPioneer911,21/06/2026;18:01:51,0
39d1266b-6dc7-4c5b-8183-9fc49869c77e,D41sy_,0,21/06/2026;18:04:48
e038631f-983f-48c1-9e9c-fdf893368b7a,goobforlife,21/06/2026;18:05:56,0
afb8452f-c87a-491f-9913-33c15032055e,iamstormbound,0,21/06/2026;18:07:22
0fc8752c-cafa-4570-a173-3dfa24336c11,KindaNiki,0,21/06/2026;18:07:57
7bec3e49-61c6-4a2e-9f16-719bffc434ec,MaximusPrimed,0,21/06/2026;18:10:45
ce0f19fe-7851-47d2-9f40-32f4c8e0e924,0NightSword,0,21/06/2026;18:15:03
0fc8752c-cafa-4570-a173-3dfa24336c11,KindaNiki,21/06/2026;18:16:32,0
121fee2c-33d8-478f-bb4b-1e96e963e297,PixelPioneer911,0,21/06/2026;18:17:47
39d1266b-6dc7-4c5b-8183-9fc49869c77e,D41sy_,21/06/2026;18:17:49,0
dc5002ff-88e8-49b5-917b-c8a8e27382e5,_Kxks,21/06/2026;18:19:18,0
5f1716cf-1541-4485-bddc-c297ef66f5bd,_Hark,21/06/2026;18:21:16,0
236a2c52-3e56-4f3f-a05a-5a884607454a,wamchii,21/06/2026;18:25:08,0
e84ee678-1a9b-4517-a6ff-4c6199f1b782,Chittochi,21/06/2026;18:25:47,0
ffc82226-64ae-4bef-87ec-db3c27b57923,EpicSnek,0,21/06/2026;18:30:19
051c9aed-79e5-4f65-863c-b8b73458c3d9,CartoonInferior,0,21/06/2026;18:30:27
4f0bb989-983d-4c0c-bf94-4cfa784dca60,Geebly,0,21/06/2026;18:33:57
236a2c52-3e56-4f3f-a05a-5a884607454a,wamchii,0,21/06/2026;18:37:24
e038631f-983f-48c1-9e9c-fdf893368b7a,goobforlife,0,21/06/2026;18:43:28
fc26159a-c1cd-467b-812b-0334495d3efd,ValeGrave,0,21/06/2026;18:50:38
8e598f9b-ff76-405a-9368-3f0925163b6a,MoldyNeptune,0,21/06/2026;18:53:27
fc26159a-c1cd-467b-812b-0334495d3efd,ValeGrave,21/06/2026;18:59:25,0
f79dd909-767b-4881-808f-79405f167858,ArgonOil39,21/06/2026;19:04:43,0
f79dd909-767b-4881-808f-79405f167858,ArgonOil39,0,21/06/2026;19:05:49
236a2c52-3e56-4f3f-a05a-5a884607454a,wamchii,21/06/2026;19:11:42,0
75f51159-85d3-42eb-9710-f6ec3ad348a0,SashKings,21/06/2026;19:30:09,0
236a2c52-3e56-4f3f-a05a-5a884607454a,wamchii,0,21/06/2026;19:43:54
236a2c52-3e56-4f3f-a05a-5a884607454a,wamchii,21/06/2026;19:51:08,0
dc5002ff-88e8-49b5-917b-c8a8e27382e5,_Kxks,0,21/06/2026;19:58:38
ac435971-bfb7-4f5e-a9ea-32335a2acee2,Riotte,0,21/06/2026;20:01:33
fc26159a-c1cd-467b-812b-0334495d3efd,ValeGrave,0,21/06/2026;20:05:44
39d1266b-6dc7-4c5b-8183-9fc49869c77e,D41sy_,0,21/06/2026;20:10:07
0fc8752c-cafa-4570-a173-3dfa24336c11,KindaNiki,0,21/06/2026;20:10:32
33a27411-7886-4c65-8eb1-1b55b6f4184d,Kleptoplasm,0,21/06/2026;20:11:14
39d1266b-6dc7-4c5b-8183-9fc49869c77e,D41sy_,21/06/2026;20:13:04,0
f79dd909-767b-4881-808f-79405f167858,ArgonOil39,21/06/2026;20:14:18,0
f79dd909-767b-4881-808f-79405f167858,ArgonOil39,0,21/06/2026;20:15:26
f79dd909-767b-4881-808f-79405f167858,ArgonOil39,21/06/2026;20:15:30,0
0fc8752c-cafa-4570-a173-3dfa24336c11,KindaNiki,21/06/2026;20:19:31,0
f79dd909-767b-4881-808f-79405f167858,ArgonOil39,0,21/06/2026;20:27:08
39d1266b-6dc7-4c5b-8183-9fc49869c77e,D41sy_,0,21/06/2026;20:42:59
0fc8752c-cafa-4570-a173-3dfa24336c11,KindaNiki,0,21/06/2026;20:43:14
7c75b21e-8e65-4fef-8043-dbb0e7d21439,oneGhost_,21/06/2026;20:55:53,0
8e598f9b-ff76-405a-9368-3f0925163b6a,MoldyNeptune,21/06/2026;20:56:38,0
8e598f9b-ff76-405a-9368-3f0925163b6a,MoldyNeptune,0,21/06/2026;21:10:52
f03a4aea-0a70-4c8a-b32d-8cb4a485a70d,Link_lord905,21/06/2026;21:11:12,0
236a2c52-3e56-4f3f-a05a-5a884607454a,wamchii,0,21/06/2026;21:11:52
39d1266b-6dc7-4c5b-8183-9fc49869c77e,D41sy_,21/06/2026;21:14:57,0
75f51159-85d3-42eb-9710-f6ec3ad348a0,SashKings,0,21/06/2026;21:15:43
e84ee678-1a9b-4517-a6ff-4c6199f1b782,Chittochi,0,21/06/2026;21:17:36
dd81ac6f-8caa-4c05-992b-41c465ff2f63,AFamiliarity,0,21/06/2026;21:18:40
8e598f9b-ff76-405a-9368-3f0925163b6a,MoldyNeptune,21/06/2026;21:20:59,0
7c75b21e-8e65-4fef-8043-dbb0e7d21439,oneGhost_,0,21/06/2026;21:21:56
0fc8752c-cafa-4570-a173-3dfa24336c11,KindaNiki,21/06/2026;21:32:34,0
3cfaa24a-a43b-43b1-b893-5c849aeca8b1,ImNycleo,0,21/06/2026;21:34:49
f03a4aea-0a70-4c8a-b32d-8cb4a485a70d,Link_lord905,0,21/06/2026;21:36:28
39d1266b-6dc7-4c5b-8183-9fc49869c77e,D41sy_,0,21/06/2026;21:36:31
3cfaa24a-a43b-43b1-b893-5c849aeca8b1,ImNycleo,21/06/2026;21:38:20,0
4f0bb989-983d-4c0c-bf94-4cfa784dca60,Geebly,21/06/2026;21:40:44,0
afb8452f-c87a-491f-9913-33c15032055e,iamstormbound,21/06/2026;21:59:00,0
7c75b21e-8e65-4fef-8043-dbb0e7d21439,oneGhost_,21/06/2026;22:03:50,0
8e598f9b-ff76-405a-9368-3f0925163b6a,MoldyNeptune,0,21/06/2026;22:21:28
8e598f9b-ff76-405a-9368-3f0925163b6a,MoldyNeptune,21/06/2026;22:22:04,0
3cfaa24a-a43b-43b1-b893-5c849aeca8b1,ImNycleo,0,21/06/2026;22:46:11
5f1716cf-1541-4485-bddc-c297ef66f5bd,_Hark,0,21/06/2026;22:56:38
5f1716cf-1541-4485-bddc-c297ef66f5bd,_Hark,21/06/2026;22:56:58,0
5f1716cf-1541-4485-bddc-c297ef66f5bd,_Hark,0,21/06/2026;22:57:58
5f1716cf-1541-4485-bddc-c297ef66f5bd,_Hark,21/06/2026;22:58:50,0
5f1716cf-1541-4485-bddc-c297ef66f5bd,_Hark,0,21/06/2026;23:02:12
afb8452f-c87a-491f-9913-33c15032055e,iamstormbound,0,21/06/2026;23:07:00
bf58b239-1ea0-4a10-a57c-a57d2d7faa30,vivianholiday,21/06/2026;23:09:20,0
e84ee678-1a9b-4517-a6ff-4c6199f1b782,Chittochi,21/06/2026;23:09:36,0
e84ee678-1a9b-4517-a6ff-4c6199f1b782,Chittochi,0,21/06/2026;23:10:06
e84ee678-1a9b-4517-a6ff-4c6199f1b782,Chittochi,21/06/2026;23:20:30,0
bf58b239-1ea0-4a10-a57c-a57d2d7faa30,vivianholiday,0,21/06/2026;23:31:55
fc26159a-c1cd-467b-812b-0334495d3efd,ValeGrave,21/06/2026;23:44:47,0
e84ee678-1a9b-4517-a6ff-4c6199f1b782,Chittochi,0,21/06/2026;23:53:33
0fc8752c-cafa-4570-a173-3dfa24336c11,KindaNiki,0,21/06/2026;23:53:46
4f0bb989-983d-4c0c-bf94-4cfa784dca60,Geebly,0,22/06/2026;00:00:50
7c75b21e-8e65-4fef-8043-dbb0e7d21439,oneGhost_,22/06/2026;00:09:23,0
fc26159a-c1cd-467b-812b-0334495d3efd,ValeGrave,22/06/2026;00:09:37,0
8e598f9b-ff76-405a-9368-3f0925163b6a,MoldyNeptune,22/06/2026;00:09:46,0
7c75b21e-8e65-4fef-8043-dbb0e7d21439,oneGhost_,0,22/06/2026;00:09:53
7c75b21e-8e65-4fef-8043-dbb0e7d21439,oneGhost_,22/06/2026;00:10:36,0
051c9aed-79e5-4f65-863c-b8b73458c3d9,CartoonInferior,22/06/2026;00:10:46,0
fc26159a-c1cd-467b-812b-0334495d3efd,ValeGrave,0,22/06/2026;00:19:07
fc26159a-c1cd-467b-812b-0334495d3efd,ValeGrave,22/06/2026;00:21:43,0
fc26159a-c1cd-467b-812b-0334495d3efd,ValeGrave,0,22/06/2026;00:40:15
fc26159a-c1cd-467b-812b-0334495d3efd,ValeGrave,22/06/2026;00:40:22,0
bf58b239-1ea0-4a10-a57c-a57d2d7faa30,vivianholiday,22/06/2026;00:54:11,0
e84ee678-1a9b-4517-a6ff-4c6199f1b782,Chittochi,22/06/2026;01:01:29,0
7bec3e49-61c6-4a2e-9f16-719bffc434ec,MaximusPrimed,22/06/2026;01:10:20,0
051c9aed-79e5-4f65-863c-b8b73458c3d9,CartoonInferior,0,22/06/2026;01:12:57
7c75b21e-8e65-4fef-8043-dbb0e7d21439,oneGhost_,0,22/06/2026;01:15:27
e84ee678-1a9b-4517-a6ff-4c6199f1b782,Chittochi,0,22/06/2026;01:15:42
7c75b21e-8e65-4fef-8043-dbb0e7d21439,oneGhost_,22/06/2026;01:17:19,0
7c75b21e-8e65-4fef-8043-dbb0e7d21439,oneGhost_,0,22/06/2026;01:17:22
7c75b21e-8e65-4fef-8043-dbb0e7d21439,oneGhost_,22/06/2026;01:17:47,0
e84ee678-1a9b-4517-a6ff-4c6199f1b782,Chittochi,22/06/2026;01:19:15,0
e84ee678-1a9b-4517-a6ff-4c6199f1b782,Chittochi,0,22/06/2026;01:45:08
7c75b21e-8e65-4fef-8043-dbb0e7d21439,oneGhost_,0,22/06/2026;02:08:44
7c75b21e-8e65-4fef-8043-dbb0e7d21439,oneGhost_,22/06/2026;02:09:40,0
8e598f9b-ff76-405a-9368-3f0925163b6a,MoldyNeptune,0,22/06/2026;02:15:53
8e598f9b-ff76-405a-9368-3f0925163b6a,MoldyNeptune,22/06/2026;02:16:17,0
7c75b21e-8e65-4fef-8043-dbb0e7d21439,oneGhost_,0,22/06/2026;02:56:50
fc26159a-c1cd-467b-812b-0334495d3efd,ValeGrave,0,22/06/2026;03:11:37
fc26159a-c1cd-467b-812b-0334495d3efd,ValeGrave,22/06/2026;03:34:29,0
fc26159a-c1cd-467b-812b-0334495d3efd,ValeGrave,0,22/06/2026;04:35:03
fc26159a-c1cd-467b-812b-0334495d3efd,ValeGrave,22/06/2026;04:38:06,0
fc26159a-c1cd-467b-812b-0334495d3efd,ValeGrave,0,22/06/2026;04:38:11
fc26159a-c1cd-467b-812b-0334495d3efd,ValeGrave,22/06/2026;04:38:44,0
fc26159a-c1cd-467b-812b-0334495d3efd,ValeGrave,0,22/06/2026;04:39:01
fc26159a-c1cd-467b-812b-0334495d3efd,ValeGrave,22/06/2026;04:40:36,0
fc26159a-c1cd-467b-812b-0334495d3efd,ValeGrave,0,22/06/2026;04:40:41
8e598f9b-ff76-405a-9368-3f0925163b6a,MoldyNeptune,0,22/06/2026;04:53:28
e84ee678-1a9b-4517-a6ff-4c6199f1b782,Chittochi,22/06/2026;04:57:56,0
7bec3e49-61c6-4a2e-9f16-719bffc434ec,MaximusPrimed,0,22/06/2026;05:00:58
fc26159a-c1cd-467b-812b-0334495d3efd,ValeGrave,22/06/2026;05:01:50,0
fc26159a-c1cd-467b-812b-0334495d3efd,ValeGrave,0,22/06/2026;05:39:58
fc26159a-c1cd-467b-812b-0334495d3efd,ValeGrave,22/06/2026;05:41:25,0
e84ee678-1a9b-4517-a6ff-4c6199f1b782,Chittochi,0,22/06/2026;07:10:41
bf58b239-1ea0-4a10-a57c-a57d2d7faa30,vivianholiday,0,22/06/2026;07:20:16
fc26159a-c1cd-467b-812b-0334495d3efd,ValeGrave,0,22/06/2026;07:20:56
5f1716cf-1541-4485-bddc-c297ef66f5bd,_Hark,22/06/2026;07:23:29,0
5f1716cf-1541-4485-bddc-c297ef66f5bd,_Hark,0,22/06/2026;07:24:17
5f1716cf-1541-4485-bddc-c297ef66f5bd,_Hark,22/06/2026;07:24:30,0
ac435971-bfb7-4f5e-a9ea-32335a2acee2,Riotte,22/06/2026;08:47:18,0
afb8452f-c87a-491f-9913-33c15032055e,iamstormbound,22/06/2026;09:02:53,0
afb8452f-c87a-491f-9913-33c15032055e,iamstormbound,0,22/06/2026;09:03:24
afb8452f-c87a-491f-9913-33c15032055e,iamstormbound,22/06/2026;09:03:39,0
afb8452f-c87a-491f-9913-33c15032055e,iamstormbound,0,22/06/2026;10:13:10
0fc8752c-cafa-4570-a173-3dfa24336c11,KindaNiki,22/06/2026;10:33:06,0
0fc8752c-cafa-4570-a173-3dfa24336c11,KindaNiki,0,22/06/2026;10:34:15
0fc8752c-cafa-4570-a173-3dfa24336c11,KindaNiki,22/06/2026;10:34:24,0
0fc8752c-cafa-4570-a173-3dfa24336c11,KindaNiki,0,22/06/2026;10:35:33
0fc8752c-cafa-4570-a173-3dfa24336c11,KindaNiki,22/06/2026;10:36:08,0
0fc8752c-cafa-4570-a173-3dfa24336c11,KindaNiki,0,22/06/2026;10:37:21
ed44d55f-9f5b-42d5-8821-7499a9a558cf,DatGuYouKnow,22/06/2026;10:37:56,0
0fc8752c-cafa-4570-a173-3dfa24336c11,KindaNiki,22/06/2026;10:38:23,0
ed44d55f-9f5b-42d5-8821-7499a9a558cf,DatGuYouKnow,0,22/06/2026;10:38:24
ed44d55f-9f5b-42d5-8821-7499a9a558cf,DatGuYouKnow,22/06/2026;10:38:30,0
0fc8752c-cafa-4570-a173-3dfa24336c11,KindaNiki,0,22/06/2026;10:39:16
0fc8752c-cafa-4570-a173-3dfa24336c11,KindaNiki,22/06/2026;10:39:44,0
dd81ac6f-8caa-4c05-992b-41c465ff2f63,AFamiliarity,22/06/2026;10:54:55,0
dd81ac6f-8caa-4c05-992b-41c465ff2f63,AFamiliarity,0,22/06/2026;11:02:24
0fc8752c-cafa-4570-a173-3dfa24336c11,KindaNiki,0,22/06/2026;11:03:54
0fc8752c-cafa-4570-a173-3dfa24336c11,KindaNiki,22/06/2026;11:04:09,0
5f1716cf-1541-4485-bddc-c297ef66f5bd,_Hark,0,22/06/2026;11:08:17
ed44d55f-9f5b-42d5-8821-7499a9a558cf,DatGuYouKnow,0,22/06/2026;11:30:07
ce0f19fe-7851-47d2-9f40-32f4c8e0e924,0NightSword,22/06/2026;11:49:27,0
ce0f19fe-7851-47d2-9f40-32f4c8e0e924,0NightSword,0,22/06/2026;11:51:15
dd81ac6f-8caa-4c05-992b-41c465ff2f63,AFamiliarity,22/06/2026;11:52:45,0
ce0f19fe-7851-47d2-9f40-32f4c8e0e924,0NightSword,22/06/2026;11:57:58,0
ce0f19fe-7851-47d2-9f40-32f4c8e0e924,0NightSword,0,22/06/2026;11:59:16
ce0f19fe-7851-47d2-9f40-32f4c8e0e924,0NightSword,22/06/2026;12:07:04,0
3cfaa24a-a43b-43b1-b893-5c849aeca8b1,ImNycleo,22/06/2026;12:11:14,0
0fc8752c-cafa-4570-a173-3dfa24336c11,KindaNiki,0,22/06/2026;12:19:29
0fc8752c-cafa-4570-a173-3dfa24336c11,KindaNiki,22/06/2026;12:20:27,0
0fc8752c-cafa-4570-a173-3dfa24336c11,KindaNiki,0,22/06/2026;12:20:55
0fc8752c-cafa-4570-a173-3dfa24336c11,KindaNiki,22/06/2026;12:21:06,0
0fc8752c-cafa-4570-a173-3dfa24336c11,KindaNiki,0,22/06/2026;12:22:03
0fc8752c-cafa-4570-a173-3dfa24336c11,KindaNiki,22/06/2026;12:22:45,0
0fc8752c-cafa-4570-a173-3dfa24336c11,KindaNiki,0,22/06/2026;12:23:30
0fc8752c-cafa-4570-a173-3dfa24336c11,KindaNiki,22/06/2026;12:23:41,0
0fc8752c-cafa-4570-a173-3dfa24336c11,KindaNiki,0,22/06/2026;12:24:22
0fc8752c-cafa-4570-a173-3dfa24336c11,KindaNiki,22/06/2026;12:24:43,0
0fc8752c-cafa-4570-a173-3dfa24336c11,KindaNiki,0,22/06/2026;12:26:09
0fc8752c-cafa-4570-a173-3dfa24336c11,KindaNiki,22/06/2026;12:26:30,0
ac435971-bfb7-4f5e-a9ea-32335a2acee2,Riotte,0,22/06/2026;12:29:35
0fc8752c-cafa-4570-a173-3dfa24336c11,KindaNiki,0,22/06/2026;12:31:30
0fc8752c-cafa-4570-a173-3dfa24336c11,KindaNiki,22/06/2026;12:31:49,0
fc26159a-c1cd-467b-812b-0334495d3efd,ValeGrave,22/06/2026;12:31:54,0
0fc8752c-cafa-4570-a173-3dfa24336c11,KindaNiki,0,22/06/2026;12:33:04
0fc8752c-cafa-4570-a173-3dfa24336c11,KindaNiki,22/06/2026;12:33:21,0
0fc8752c-cafa-4570-a173-3dfa24336c11,KindaNiki,0,22/06/2026;12:33:57
fc26159a-c1cd-467b-812b-0334495d3efd,ValeGrave,0,22/06/2026;12:55:28
75f51159-85d3-42eb-9710-f6ec3ad348a0,SashKings,22/06/2026;13:02:29,0
ed44d55f-9f5b-42d5-8821-7499a9a558cf,DatGuYouKnow,22/06/2026;13:02:59,0
75f51159-85d3-42eb-9710-f6ec3ad348a0,SashKings,0,22/06/2026;13:03:03
3cfaa24a-a43b-43b1-b893-5c849aeca8b1,ImNycleo,22/06/2026;13:03:11,0
ac435971-bfb7-4f5e-a9ea-32335a2acee2,Riotte,22/06/2026;13:03:20,0
5f1716cf-1541-4485-bddc-c297ef66f5bd,_Hark,22/06/2026;13:04:05,0
ce0f19fe-7851-47d2-9f40-32f4c8e0e924,0NightSword,22/06/2026;13:04:09,0
75f51159-85d3-42eb-9710-f6ec3ad348a0,SashKings,22/06/2026;13:04:12,0
0fc8752c-cafa-4570-a173-3dfa24336c11,KindaNiki,22/06/2026;13:05:43,0
dd81ac6f-8caa-4c05-992b-41c465ff2f63,AFamiliarity,22/06/2026;13:07:07,0
4f0bb989-983d-4c0c-bf94-4cfa784dca60,Geebly,22/06/2026;13:14:24,0
7c75b21e-8e65-4fef-8043-dbb0e7d21439,oneGhost_,22/06/2026;13:17:55,0
f03a4aea-0a70-4c8a-b32d-8cb4a485a70d,Link_lord905,22/06/2026;13:21:57,0
fc26159a-c1cd-467b-812b-0334495d3efd,ValeGrave,22/06/2026;13:38:52,0
ed44d55f-9f5b-42d5-8821-7499a9a558cf,DatGuYouKnow,0,22/06/2026;13:42:38
dd81ac6f-8caa-4c05-992b-41c465ff2f63,AFamiliarity,0,22/06/2026;13:56:54
dd81ac6f-8caa-4c05-992b-41c465ff2f63,AFamiliarity,22/06/2026;14:00:49,0
f03a4aea-0a70-4c8a-b32d-8cb4a485a70d,Link_lord905,0,22/06/2026;14:05:40
ce0f19fe-7851-47d2-9f40-32f4c8e0e924,0NightSword,0,22/06/2026;14:10:28
ce0f19fe-7851-47d2-9f40-32f4c8e0e924,0NightSword,22/06/2026;14:13:06,0
75f51159-85d3-42eb-9710-f6ec3ad348a0,SashKings,0,22/06/2026;14:17:08
4f0bb989-983d-4c0c-bf94-4cfa784dca60,Geebly,0,22/06/2026;14:18:04
3cfaa24a-a43b-43b1-b893-5c849aeca8b1,ImNycleo,0,22/06/2026;14:38:27
ac435971-bfb7-4f5e-a9ea-32335a2acee2,Riotte,0,22/06/2026;14:39:09
3cfaa24a-a43b-43b1-b893-5c849aeca8b1,ImNycleo,22/06/2026;14:45:31,0
f79dd909-767b-4881-808f-79405f167858,ArgonOil39,22/06/2026;14:45:42,0
dd81ac6f-8caa-4c05-992b-41c465ff2f63,AFamiliarity,0,22/06/2026;14:47:23
dd81ac6f-8caa-4c05-992b-41c465ff2f63,AFamiliarity,22/06/2026;14:48:42,0
3cfaa24a-a43b-43b1-b893-5c849aeca8b1,ImNycleo,0,22/06/2026;14:56:38
ac435971-bfb7-4f5e-a9ea-32335a2acee2,Riotte,22/06/2026;14:58:13,0
ac435971-bfb7-4f5e-a9ea-32335a2acee2,Riotte,0,22/06/2026;14:58:15
3cfaa24a-a43b-43b1-b893-5c849aeca8b1,ImNycleo,22/06/2026;14:58:35,0
0fc8752c-cafa-4570-a173-3dfa24336c11,KindaNiki,0,22/06/2026;14:58:52
ac435971-bfb7-4f5e-a9ea-32335a2acee2,Riotte,22/06/2026;14:59:39,0
7c75b21e-8e65-4fef-8043-dbb0e7d21439,oneGhost_,0,22/06/2026;15:01:31
5f1716cf-1541-4485-bddc-c297ef66f5bd,_Hark,0,22/06/2026;15:02:25
ce0f19fe-7851-47d2-9f40-32f4c8e0e924,0NightSword,0,22/06/2026;15:06:51
dd81ac6f-8caa-4c05-992b-41c465ff2f63,AFamiliarity,0,22/06/2026;15:11:14
fc26159a-c1cd-467b-812b-0334495d3efd,ValeGrave,0,22/06/2026;15:15:53
dc5002ff-88e8-49b5-917b-c8a8e27382e5,_Kxks,22/06/2026;15:21:54,0
ac435971-bfb7-4f5e-a9ea-32335a2acee2,Riotte,0,22/06/2026;15:22:01
dc5002ff-88e8-49b5-917b-c8a8e27382e5,_Kxks,0,22/06/2026;15:30:56
dc5002ff-88e8-49b5-917b-c8a8e27382e5,_Kxks,22/06/2026;15:31:00,0
0fc8752c-cafa-4570-a173-3dfa24336c11,KindaNiki,22/06/2026;15:34:33,0
f79dd909-767b-4881-808f-79405f167858,ArgonOil39,0,22/06/2026;15:46:16
3cfaa24a-a43b-43b1-b893-5c849aeca8b1,ImNycleo,0,22/06/2026;16:01:51
0fc8752c-cafa-4570-a173-3dfa24336c11,KindaNiki,0,22/06/2026;16:02:44
3cfaa24a-a43b-43b1-b893-5c849aeca8b1,ImNycleo,22/06/2026;16:03:19,0
0fc8752c-cafa-4570-a173-3dfa24336c11,KindaNiki,22/06/2026;16:10:48,0
0fc8752c-cafa-4570-a173-3dfa24336c11,KindaNiki,0,22/06/2026;16:11:02
0fc8752c-cafa-4570-a173-3dfa24336c11,KindaNiki,22/06/2026;16:11:26,0
0fc8752c-cafa-4570-a173-3dfa24336c11,KindaNiki,0,22/06/2026;16:24:54
0fc8752c-cafa-4570-a173-3dfa24336c11,KindaNiki,22/06/2026;16:26:10,0
0fc8752c-cafa-4570-a173-3dfa24336c11,KindaNiki,0,22/06/2026;16:26:59
0fc8752c-cafa-4570-a173-3dfa24336c11,KindaNiki,22/06/2026;16:27:31,0
0fc8752c-cafa-4570-a173-3dfa24336c11,KindaNiki,0,22/06/2026;16:36:55
afb8452f-c87a-491f-9913-33c15032055e,iamstormbound,22/06/2026;16:41:24,0
7c75b21e-8e65-4fef-8043-dbb0e7d21439,oneGhost_,22/06/2026;16:49:58,0
dd81ac6f-8caa-4c05-992b-41c465ff2f63,AFamiliarity,22/06/2026;17:08:21,0
dd81ac6f-8caa-4c05-992b-41c465ff2f63,AFamiliarity,0,22/06/2026;17:13:36
dd81ac6f-8caa-4c05-992b-41c465ff2f63,AFamiliarity,22/06/2026;17:15:13,0
b705ccdd-dd40-455b-b092-22b2011a57bf,Skywalkered,22/06/2026;17:15:18,0
3cfaa24a-a43b-43b1-b893-5c849aeca8b1,ImNycleo,0,22/06/2026;17:16:48
b050ac75-d922-462b-9243-e1429246dcb5,themossman,22/06/2026;17:16:51,0
f078a689-c312-46f2-9e69-ea8008987656,AnUnfamiliarity,22/06/2026;17:17:56,0
3cfaa24a-a43b-43b1-b893-5c849aeca8b1,ImNycleo,22/06/2026;17:18:39,0
f078a689-c312-46f2-9e69-ea8008987656,AnUnfamiliarity,0,22/06/2026;17:18:53
dc5002ff-88e8-49b5-917b-c8a8e27382e5,_Kxks,0,22/06/2026;17:19:20
dc5002ff-88e8-49b5-917b-c8a8e27382e5,_Kxks,22/06/2026;17:22:46,0
dd81ac6f-8caa-4c05-992b-41c465ff2f63,AFamiliarity,0,22/06/2026;17:25:22
bf58b239-1ea0-4a10-a57c-a57d2d7faa30,vivianholiday,22/06/2026;17:26:58,0
bf58b239-1ea0-4a10-a57c-a57d2d7faa30,vivianholiday,0,22/06/2026;17:39:08
0fc8752c-cafa-4570-a173-3dfa24336c11,KindaNiki,22/06/2026;17:47:38,0
0fc8752c-cafa-4570-a173-3dfa24336c11,KindaNiki,0,22/06/2026;17:48:38
0fc8752c-cafa-4570-a173-3dfa24336c11,KindaNiki,22/06/2026;17:53:11,0
4f0bb989-983d-4c0c-bf94-4cfa784dca60,Geebly,22/06/2026;17:53:47,0
39d1266b-6dc7-4c5b-8183-9fc49869c77e,D41sy_,22/06/2026;17:56:40,0
afb8452f-c87a-491f-9913-33c15032055e,iamstormbound,0,22/06/2026;18:22:25
f79dd909-767b-4881-808f-79405f167858,ArgonOil39,22/06/2026;18:28:41,0
7c75b21e-8e65-4fef-8043-dbb0e7d21439,oneGhost_,0,22/06/2026;18:31:06
dd81ac6f-8caa-4c05-992b-41c465ff2f63,AFamiliarity,22/06/2026;18:42:55,0
fc26159a-c1cd-467b-812b-0334495d3efd,ValeGrave,22/06/2026;18:51:31,0
ce0f19fe-7851-47d2-9f40-32f4c8e0e924,0NightSword,22/06/2026;18:55:51,0
afb8452f-c87a-491f-9913-33c15032055e,iamstormbound,22/06/2026;19:00:15,0
0fc8752c-cafa-4570-a173-3dfa24336c11,KindaNiki,0,22/06/2026;19:14:04
0fc8752c-cafa-4570-a173-3dfa24336c11,KindaNiki,22/06/2026;19:17:17,0
f79dd909-767b-4881-808f-79405f167858,ArgonOil39,0,22/06/2026;19:39:56
f79dd909-767b-4881-808f-79405f167858,ArgonOil39,22/06/2026;19:45:40,0
fc26159a-c1cd-467b-812b-0334495d3efd,ValeGrave,0,22/06/2026;19:46:42
e84ee678-1a9b-4517-a6ff-4c6199f1b782,Chittochi,22/06/2026;19:47:57,0
32b388d9-32a7-4312-94c7-d9ec9a83ddf3,TheLorax,22/06/2026;19:50:30,0
32b388d9-32a7-4312-94c7-d9ec9a83ddf3,TheLorax,0,22/06/2026;19:55:31
32b388d9-32a7-4312-94c7-d9ec9a83ddf3,TheLorax,22/06/2026;19:55:46,0
32b388d9-32a7-4312-94c7-d9ec9a83ddf3,TheLorax,0,22/06/2026;19:55:58
32b388d9-32a7-4312-94c7-d9ec9a83ddf3,TheLorax,22/06/2026;19:56:59,0
32b388d9-32a7-4312-94c7-d9ec9a83ddf3,TheLorax,0,22/06/2026;19:58:08
32b388d9-32a7-4312-94c7-d9ec9a83ddf3,TheLorax,22/06/2026;19:58:17,0
32b388d9-32a7-4312-94c7-d9ec9a83ddf3,TheLorax,0,22/06/2026;20:02:35
32b388d9-32a7-4312-94c7-d9ec9a83ddf3,TheLorax,22/06/2026;20:02:49,0
32b388d9-32a7-4312-94c7-d9ec9a83ddf3,TheLorax,0,22/06/2026;20:03:21
32b388d9-32a7-4312-94c7-d9ec9a83ddf3,TheLorax,22/06/2026;20:03:34,0
dc5002ff-88e8-49b5-917b-c8a8e27382e5,_Kxks,0,22/06/2026;20:05:28
dc5002ff-88e8-49b5-917b-c8a8e27382e5,_Kxks,22/06/2026;20:05:31,0
4f0bb989-983d-4c0c-bf94-4cfa784dca60,Geebly,0,22/06/2026;20:09:41
39d1266b-6dc7-4c5b-8183-9fc49869c77e,D41sy_,0,22/06/2026;20:11:58
dd81ac6f-8caa-4c05-992b-41c465ff2f63,AFamiliarity,0,22/06/2026;20:16:37
5f1716cf-1541-4485-bddc-c297ef66f5bd,_Hark,22/06/2026;20:23:43,0
afb8452f-c87a-491f-9913-33c15032055e,iamstormbound,0,22/06/2026;20:26:24
f79dd909-767b-4881-808f-79405f167858,ArgonOil39,0,22/06/2026;20:28:15
bf58b239-1ea0-4a10-a57c-a57d2d7faa30,vivianholiday,22/06/2026;20:30:45,0
0fc8752c-cafa-4570-a173-3dfa24336c11,KindaNiki,0,22/06/2026;20:30:49
0fc8752c-cafa-4570-a173-3dfa24336c11,KindaNiki,22/06/2026;20:33:36,0
dc5002ff-88e8-49b5-917b-c8a8e27382e5,_Kxks,0,22/06/2026;20:35:29
dd81ac6f-8caa-4c05-992b-41c465ff2f63,AFamiliarity,22/06/2026;20:41:05,0
39d1266b-6dc7-4c5b-8183-9fc49869c77e,D41sy_,22/06/2026;20:41:25,0
0fc8752c-cafa-4570-a173-3dfa24336c11,KindaNiki,0,22/06/2026;20:52:30
32b388d9-32a7-4312-94c7-d9ec9a83ddf3,TheLorax,0,22/06/2026;21:05:28
3cfaa24a-a43b-43b1-b893-5c849aeca8b1,ImNycleo,0,22/06/2026;21:05:37
b050ac75-d922-462b-9243-e1429246dcb5,themossman,0,22/06/2026;21:06:28
3cfaa24a-a43b-43b1-b893-5c849aeca8b1,ImNycleo,22/06/2026;21:07:04,0
ce0f19fe-7851-47d2-9f40-32f4c8e0e924,0NightSword,0,22/06/2026;21:08:50
0fc8752c-cafa-4570-a173-3dfa24336c11,KindaNiki,22/06/2026;21:12:49,0
f79dd909-767b-4881-808f-79405f167858,ArgonOil39,22/06/2026;21:13:19,0
0fc8752c-cafa-4570-a173-3dfa24336c11,KindaNiki,0,22/06/2026;21:25:58
39d1266b-6dc7-4c5b-8183-9fc49869c77e,D41sy_,0,22/06/2026;21:28:05
3cfaa24a-a43b-43b1-b893-5c849aeca8b1,ImNycleo,0,22/06/2026;21:45:44
5f1716cf-1541-4485-bddc-c297ef66f5bd,_Hark,0,22/06/2026;21:45:45
3cfaa24a-a43b-43b1-b893-5c849aeca8b1,ImNycleo,22/06/2026;21:48:21,0
f79dd909-767b-4881-808f-79405f167858,ArgonOil39,0,22/06/2026;21:51:36
39d1266b-6dc7-4c5b-8183-9fc49869c77e,D41sy_,22/06/2026;22:22:28,0
b705ccdd-dd40-455b-b092-22b2011a57bf,Skywalkered,0,22/06/2026;22:26:26
f79dd909-767b-4881-808f-79405f167858,ArgonOil39,22/06/2026;22:27:47,0
dd81ac6f-8caa-4c05-992b-41c465ff2f63,AFamiliarity,0,22/06/2026;22:49:11
e84ee678-1a9b-4517-a6ff-4c6199f1b782,Chittochi,0,22/06/2026;22:49:12
39d1266b-6dc7-4c5b-8183-9fc49869c77e,D41sy_,0,22/06/2026;22:53:58
f79dd909-767b-4881-808f-79405f167858,ArgonOil39,0,22/06/2026;22:57:59
8e598f9b-ff76-405a-9368-3f0925163b6a,MoldyNeptune,22/06/2026;23:33:40,0
8e598f9b-ff76-405a-9368-3f0925163b6a,MoldyNeptune,0,22/06/2026;23:37:23
145c0154-e6c3-4967-963f-13848d8107a8,OriOrigami,22/06/2026;23:40:09,0
145c0154-e6c3-4967-963f-13848d8107a8,OriOrigami,0,22/06/2026;23:43:27
3cfaa24a-a43b-43b1-b893-5c849aeca8b1,ImNycleo,0,22/06/2026;23:55:51
145c0154-e6c3-4967-963f-13848d8107a8,OriOrigami,23/06/2026;00:08:39,0
145c0154-e6c3-4967-963f-13848d8107a8,OriOrigami,23/06/2026;00:11:28,0
bf58b239-1ea0-4a10-a57c-a57d2d7faa30,vivianholiday,23/06/2026;00:18:13,0
bf58b239-1ea0-4a10-a57c-a57d2d7faa30,vivianholiday,0,23/06/2026;00:21:44
bf58b239-1ea0-4a10-a57c-a57d2d7faa30,vivianholiday,23/06/2026;00:22:30,0
fc26159a-c1cd-467b-812b-0334495d3efd,ValeGrave,23/06/2026;00:34:23,0
bf58b239-1ea0-4a10-a57c-a57d2d7faa30,vivianholiday,0,23/06/2026;00:40:36
bf58b239-1ea0-4a10-a57c-a57d2d7faa30,vivianholiday,23/06/2026;00:53:00,0
bf58b239-1ea0-4a10-a57c-a57d2d7faa30,vivianholiday,0,23/06/2026;01:03:31
bf58b239-1ea0-4a10-a57c-a57d2d7faa30,vivianholiday,23/06/2026;01:03:42,0
bf58b239-1ea0-4a10-a57c-a57d2d7faa30,vivianholiday,0,23/06/2026;01:04:27
bf58b239-1ea0-4a10-a57c-a57d2d7faa30,vivianholiday,23/06/2026;01:08:18,0
145c0154-e6c3-4967-963f-13848d8107a8,OriOrigami,0,23/06/2026;01:13:06
fc26159a-c1cd-467b-812b-0334495d3efd,ValeGrave,0,23/06/2026;01:21:32
3cfaa24a-a43b-43b1-b893-5c849aeca8b1,ImNycleo,23/06/2026;02:36:02,0
e84ee678-1a9b-4517-a6ff-4c6199f1b782,Chittochi,23/06/2026;02:36:23,0
bf58b239-1ea0-4a10-a57c-a57d2d7faa30,vivianholiday,0,23/06/2026;03:37:52
bf58b239-1ea0-4a10-a57c-a57d2d7faa30,vivianholiday,23/06/2026;03:41:45,0
e84ee678-1a9b-4517-a6ff-4c6199f1b782,Chittochi,0,23/06/2026;04:17:47
e84ee678-1a9b-4517-a6ff-4c6199f1b782,Chittochi,23/06/2026;04:17:55,0
3cfaa24a-a43b-43b1-b893-5c849aeca8b1,ImNycleo,0,23/06/2026;04:18:16
3cfaa24a-a43b-43b1-b893-5c849aeca8b1,ImNycleo,23/06/2026;04:18:25,0
e84ee678-1a9b-4517-a6ff-4c6199f1b782,Chittochi,0,23/06/2026;04:19:04
e84ee678-1a9b-4517-a6ff-4c6199f1b782,Chittochi,23/06/2026;04:19:12,0
145c0154-e6c3-4967-963f-13848d8107a8,OriOrigami,23/06/2026;04:24:41,0
145c0154-e6c3-4967-963f-13848d8107a8,OriOrigami,0,23/06/2026;05:18:55
1c8b91c5-304a-4680-a784-8febc76d0668,Ex0t1cMC,23/06/2026;05:22:49,0
ac435971-bfb7-4f5e-a9ea-32335a2acee2,Riotte,23/06/2026;05:58:16,0
1c8b91c5-304a-4680-a784-8febc76d0668,Ex0t1cMC,0,23/06/2026;06:02:14
bf58b239-1ea0-4a10-a57c-a57d2d7faa30,vivianholiday,0,23/06/2026;07:07:47
3cfaa24a-a43b-43b1-b893-5c849aeca8b1,ImNycleo,0,23/06/2026;08:06:17
e84ee678-1a9b-4517-a6ff-4c6199f1b782,Chittochi,0,23/06/2026;08:09:42
ac435971-bfb7-4f5e-a9ea-32335a2acee2,Riotte,0,23/06/2026;09:31:13
ac435971-bfb7-4f5e-a9ea-32335a2acee2,Riotte,23/06/2026;10:03:38,0
ac435971-bfb7-4f5e-a9ea-32335a2acee2,Riotte,0,23/06/2026;10:05:32
ed44d55f-9f5b-42d5-8821-7499a9a558cf,DatGuYouKnow,23/06/2026;10:10:28,0
33a27411-7886-4c65-8eb1-1b55b6f4184d,Kleptoplasm,23/06/2026;10:14:46,0
ed44d55f-9f5b-42d5-8821-7499a9a558cf,DatGuYouKnow,0,23/06/2026;10:23:16
dd81ac6f-8caa-4c05-992b-41c465ff2f63,AFamiliarity,23/06/2026;11:07:39,0
75f51159-85d3-42eb-9710-f6ec3ad348a0,SashKings,23/06/2026;11:25:38,0
33a27411-7886-4c65-8eb1-1b55b6f4184d,Kleptoplasm,0,23/06/2026;11:44:37
9988c89f-641f-411f-82a5-5f4550157468,Ediboe,23/06/2026;11:50:50,0
dd81ac6f-8caa-4c05-992b-41c465ff2f63,AFamiliarity,0,23/06/2026;12:09:25
dd81ac6f-8caa-4c05-992b-41c465ff2f63,AFamiliarity,23/06/2026;12:09:32,0
ce0f19fe-7851-47d2-9f40-32f4c8e0e924,0NightSword,23/06/2026;12:10:31,0
dd81ac6f-8caa-4c05-992b-41c465ff2f63,AFamiliarity,0,23/06/2026;12:11:22
dd81ac6f-8caa-4c05-992b-41c465ff2f63,AFamiliarity,23/06/2026;12:11:27,0
dd81ac6f-8caa-4c05-992b-41c465ff2f63,AFamiliarity,0,23/06/2026;12:14:04
dd81ac6f-8caa-4c05-992b-41c465ff2f63,AFamiliarity,23/06/2026;12:14:14,0
9988c89f-641f-411f-82a5-5f4550157468,Ediboe,0,23/06/2026;12:14:58
9988c89f-641f-411f-82a5-5f4550157468,Ediboe,23/06/2026;12:15:02,0
75f51159-85d3-42eb-9710-f6ec3ad348a0,SashKings,0,23/06/2026;12:23:52
3cfaa24a-a43b-43b1-b893-5c849aeca8b1,ImNycleo,23/06/2026;12:40:05,0
b705ccdd-dd40-455b-b092-22b2011a57bf,Skywalkered,23/06/2026;12:40:12,0
dd81ac6f-8caa-4c05-992b-41c465ff2f63,AFamiliarity,0,23/06/2026;13:05:45
dd81ac6f-8caa-4c05-992b-41c465ff2f63,AFamiliarity,23/06/2026;13:05:49,0
dd81ac6f-8caa-4c05-992b-41c465ff2f63,AFamiliarity,0,23/06/2026;13:09:49
9988c89f-641f-411f-82a5-5f4550157468,Ediboe,0,23/06/2026;13:12:02
dd81ac6f-8caa-4c05-992b-41c465ff2f63,AFamiliarity,23/06/2026;13:12:23,0
9988c89f-641f-411f-82a5-5f4550157468,Ediboe,23/06/2026;13:12:37,0
dd81ac6f-8caa-4c05-992b-41c465ff2f63,AFamiliarity,0,23/06/2026;13:13:01
dd81ac6f-8caa-4c05-992b-41c465ff2f63,AFamiliarity,23/06/2026;13:13:23,0
b705ccdd-dd40-455b-b092-22b2011a57bf,Skywalkered,0,23/06/2026;13:16:44
dd81ac6f-8caa-4c05-992b-41c465ff2f63,AFamiliarity,0,23/06/2026;13:16:45
b705ccdd-dd40-455b-b092-22b2011a57bf,Skywalkered,23/06/2026;13:16:49,0
dd81ac6f-8caa-4c05-992b-41c465ff2f63,AFamiliarity,23/06/2026;13:16:49,0
b705ccdd-dd40-455b-b092-22b2011a57bf,Skywalkered,0,23/06/2026;13:19:04
dd81ac6f-8caa-4c05-992b-41c465ff2f63,AFamiliarity,0,23/06/2026;13:19:04
b705ccdd-dd40-455b-b092-22b2011a57bf,Skywalkered,23/06/2026;13:19:08,0
dd81ac6f-8caa-4c05-992b-41c465ff2f63,AFamiliarity,23/06/2026;13:19:10,0
b705ccdd-dd40-455b-b092-22b2011a57bf,Skywalkered,0,23/06/2026;13:21:23
dd81ac6f-8caa-4c05-992b-41c465ff2f63,AFamiliarity,0,23/06/2026;13:21:24
b705ccdd-dd40-455b-b092-22b2011a57bf,Skywalkered,23/06/2026;13:21:27,0
dd81ac6f-8caa-4c05-992b-41c465ff2f63,AFamiliarity,23/06/2026;13:21:30,0
ce0f19fe-7851-47d2-9f40-32f4c8e0e924,0NightSword,0,23/06/2026;13:25:22
dd81ac6f-8caa-4c05-992b-41c465ff2f63,AFamiliarity,0,23/06/2026;13:28:14
b705ccdd-dd40-455b-b092-22b2011a57bf,Skywalkered,0,23/06/2026;13:28:15
dd81ac6f-8caa-4c05-992b-41c465ff2f63,AFamiliarity,23/06/2026;13:28:19,0
b705ccdd-dd40-455b-b092-22b2011a57bf,Skywalkered,23/06/2026;13:28:20,0
3cfaa24a-a43b-43b1-b893-5c849aeca8b1,ImNycleo,0,23/06/2026;13:31:30
3cfaa24a-a43b-43b1-b893-5c849aeca8b1,ImNycleo,23/06/2026;13:31:38,0
9988c89f-641f-411f-82a5-5f4550157468,Ediboe,0,23/06/2026;13:34:17
9988c89f-641f-411f-82a5-5f4550157468,Ediboe,23/06/2026;13:34:22,0
b705ccdd-dd40-455b-b092-22b2011a57bf,Skywalkered,0,23/06/2026;13:34:34
dd81ac6f-8caa-4c05-992b-41c465ff2f63,AFamiliarity,0,23/06/2026;13:34:40
b705ccdd-dd40-455b-b092-22b2011a57bf,Skywalkered,23/06/2026;13:34:40,0
9988c89f-641f-411f-82a5-5f4550157468,Ediboe,0,23/06/2026;13:34:41
dd81ac6f-8caa-4c05-992b-41c465ff2f63,AFamiliarity,23/06/2026;13:34:45,0
9988c89f-641f-411f-82a5-5f4550157468,Ediboe,23/06/2026;13:34:45,0
9988c89f-641f-411f-82a5-5f4550157468,Ediboe,0,23/06/2026;13:35:19
9988c89f-641f-411f-82a5-5f4550157468,Ediboe,23/06/2026;13:35:23,0
b705ccdd-dd40-455b-b092-22b2011a57bf,Skywalkered,0,23/06/2026;13:35:25
b705ccdd-dd40-455b-b092-22b2011a57bf,Skywalkered,23/06/2026;13:35:27,0
ce0f19fe-7851-47d2-9f40-32f4c8e0e924,0NightSword,23/06/2026;13:36:13,0
9988c89f-641f-411f-82a5-5f4550157468,Ediboe,0,23/06/2026;13:37:57
9988c89f-641f-411f-82a5-5f4550157468,Ediboe,23/06/2026;13:38:03,0
9988c89f-641f-411f-82a5-5f4550157468,Ediboe,0,23/06/2026;13:47:52
9988c89f-641f-411f-82a5-5f4550157468,Ediboe,23/06/2026;13:47:59,0
9988c89f-641f-411f-82a5-5f4550157468,Ediboe,0,23/06/2026;13:48:30
9988c89f-641f-411f-82a5-5f4550157468,Ediboe,23/06/2026;13:48:58,0
9988c89f-641f-411f-82a5-5f4550157468,Ediboe,0,23/06/2026;13:49:21
dd81ac6f-8caa-4c05-992b-41c465ff2f63,AFamiliarity,0,23/06/2026;13:53:15
b705ccdd-dd40-455b-b092-22b2011a57bf,Skywalkered,0,23/06/2026;13:53:17
b705ccdd-dd40-455b-b092-22b2011a57bf,Skywalkered,23/06/2026;13:53:21,0
dd81ac6f-8caa-4c05-992b-41c465ff2f63,AFamiliarity,23/06/2026;13:53:24,0
b705ccdd-dd40-455b-b092-22b2011a57bf,Skywalkered,0,23/06/2026;13:57:39
b705ccdd-dd40-455b-b092-22b2011a57bf,Skywalkered,23/06/2026;13:57:49,0
dd81ac6f-8caa-4c05-992b-41c465ff2f63,AFamiliarity,0,23/06/2026;14:10:07
dd81ac6f-8caa-4c05-992b-41c465ff2f63,AFamiliarity,23/06/2026;14:10:10,0
dd81ac6f-8caa-4c05-992b-41c465ff2f63,AFamiliarity,0,23/06/2026;14:11:21
dd81ac6f-8caa-4c05-992b-41c465ff2f63,AFamiliarity,23/06/2026;14:11:25,0
3cfaa24a-a43b-43b1-b893-5c849aeca8b1,ImNycleo,0,23/06/2026;14:12:20
3cfaa24a-a43b-43b1-b893-5c849aeca8b1,ImNycleo,23/06/2026;14:12:25,0
b705ccdd-dd40-455b-b092-22b2011a57bf,Skywalkered,0,23/06/2026;14:13:29
3cfaa24a-a43b-43b1-b893-5c849aeca8b1,ImNycleo,0,23/06/2026;14:13:33
b705ccdd-dd40-455b-b092-22b2011a57bf,Skywalkered,23/06/2026;14:13:33,0
3cfaa24a-a43b-43b1-b893-5c849aeca8b1,ImNycleo,23/06/2026;14:13:38,0
9988c89f-641f-411f-82a5-5f4550157468,Ediboe,23/06/2026;14:18:53,0
3cfaa24a-a43b-43b1-b893-5c849aeca8b1,ImNycleo,0,23/06/2026;14:21:04
3cfaa24a-a43b-43b1-b893-5c849aeca8b1,ImNycleo,23/06/2026;14:21:08,0
b705ccdd-dd40-455b-b092-22b2011a57bf,Skywalkered,0,23/06/2026;14:21:37
b705ccdd-dd40-455b-b092-22b2011a57bf,Skywalkered,23/06/2026;14:21:39,0
b705ccdd-dd40-455b-b092-22b2011a57bf,Skywalkered,0,23/06/2026;14:21:50
b705ccdd-dd40-455b-b092-22b2011a57bf,Skywalkered,23/06/2026;14:21:52,0
b705ccdd-dd40-455b-b092-22b2011a57bf,Skywalkered,0,23/06/2026;14:23:32
3cfaa24a-a43b-43b1-b893-5c849aeca8b1,ImNycleo,0,23/06/2026;14:28:59
7c75b21e-8e65-4fef-8043-dbb0e7d21439,oneGhost_,23/06/2026;14:29:15,0
3cfaa24a-a43b-43b1-b893-5c849aeca8b1,ImNycleo,23/06/2026;14:31:13,0
9988c89f-641f-411f-82a5-5f4550157468,Ediboe,0,23/06/2026;14:31:27
3cfaa24a-a43b-43b1-b893-5c849aeca8b1,ImNycleo,0,23/06/2026;14:34:33
3cfaa24a-a43b-43b1-b893-5c849aeca8b1,ImNycleo,23/06/2026;14:35:24,0
3cfaa24a-a43b-43b1-b893-5c849aeca8b1,ImNycleo,0,23/06/2026;14:36:17
afb8452f-c87a-491f-9913-33c15032055e,iamstormbound,23/06/2026;14:36:28,0
39d1266b-6dc7-4c5b-8183-9fc49869c77e,D41sy_,23/06/2026;14:39:09,0
3cfaa24a-a43b-43b1-b893-5c849aeca8b1,ImNycleo,23/06/2026;14:41:49,0
3cfaa24a-a43b-43b1-b893-5c849aeca8b1,ImNycleo,0,23/06/2026;14:44:44
75f51159-85d3-42eb-9710-f6ec3ad348a0,SashKings,23/06/2026;14:45:14,0
39d1266b-6dc7-4c5b-8183-9fc49869c77e,D41sy_,0,23/06/2026;14:46:50
3cfaa24a-a43b-43b1-b893-5c849aeca8b1,ImNycleo,23/06/2026;14:50:42,0
4f0bb989-983d-4c0c-bf94-4cfa784dca60,Geebly,23/06/2026;14:55:20,0
39d1266b-6dc7-4c5b-8183-9fc49869c77e,D41sy_,23/06/2026;15:02:40,0
afb8452f-c87a-491f-9913-33c15032055e,iamstormbound,0,23/06/2026;15:02:42
afb8452f-c87a-491f-9913-33c15032055e,iamstormbound,23/06/2026;15:03:05,0
e84ee678-1a9b-4517-a6ff-4c6199f1b782,Chittochi,23/06/2026;15:09:30,0
dc5002ff-88e8-49b5-917b-c8a8e27382e5,_Kxks,23/06/2026;15:28:23,0
b705ccdd-dd40-455b-b092-22b2011a57bf,Skywalkered,23/06/2026;15:34:50,0
b705ccdd-dd40-455b-b092-22b2011a57bf,Skywalkered,0,23/06/2026;15:35:04
b705ccdd-dd40-455b-b092-22b2011a57bf,Skywalkered,23/06/2026;15:35:08,0
b705ccdd-dd40-455b-b092-22b2011a57bf,Skywalkered,0,23/06/2026;15:35:55
b705ccdd-dd40-455b-b092-22b2011a57bf,Skywalkered,23/06/2026;15:35:58,0
4f0bb989-983d-4c0c-bf94-4cfa784dca60,Geebly,0,23/06/2026;15:40:06
dd81ac6f-8caa-4c05-992b-41c465ff2f63,AFamiliarity,0,23/06/2026;15:42:46
f79dd909-767b-4881-808f-79405f167858,ArgonOil39,23/06/2026;15:46:22,0
ce0f19fe-7851-47d2-9f40-32f4c8e0e924,0NightSword,0,23/06/2026;15:47:47
39d1266b-6dc7-4c5b-8183-9fc49869c77e,D41sy_,0,23/06/2026;15:52:04
b705ccdd-dd40-455b-b092-22b2011a57bf,Skywalkered,0,23/06/2026;15:53:45
b705ccdd-dd40-455b-b092-22b2011a57bf,Skywalkered,23/06/2026;15:53:50,0
e84ee678-1a9b-4517-a6ff-4c6199f1b782,Chittochi,0,23/06/2026;15:54:39
e84ee678-1a9b-4517-a6ff-4c6199f1b782,Chittochi,23/06/2026;15:54:50,0
dd81ac6f-8caa-4c05-992b-41c465ff2f63,AFamiliarity,23/06/2026;16:01:23,0
afb8452f-c87a-491f-9913-33c15032055e,iamstormbound,0,23/06/2026;16:04:14
afb8452f-c87a-491f-9913-33c15032055e,iamstormbound,23/06/2026;16:04:35,0
7c75b21e-8e65-4fef-8043-dbb0e7d21439,oneGhost_,0,23/06/2026;16:04:48
7c75b21e-8e65-4fef-8043-dbb0e7d21439,oneGhost_,23/06/2026;16:04:55,0
0fc8752c-cafa-4570-a173-3dfa24336c11,KindaNiki,23/06/2026;16:07:30,0
f79dd909-767b-4881-808f-79405f167858,ArgonOil39,0,23/06/2026;16:10:39
b705ccdd-dd40-455b-b092-22b2011a57bf,Skywalkered,0,23/06/2026;16:22:15
e84ee678-1a9b-4517-a6ff-4c6199f1b782,Chittochi,0,23/06/2026;16:27:58
7c75b21e-8e65-4fef-8043-dbb0e7d21439,oneGhost_,0,23/06/2026;16:30:36
7c75b21e-8e65-4fef-8043-dbb0e7d21439,oneGhost_,23/06/2026;16:30:44,0
dd81ac6f-8caa-4c05-992b-41c465ff2f63,AFamiliarity,0,23/06/2026;16:32:30
3cfaa24a-a43b-43b1-b893-5c849aeca8b1,ImNycleo,0,23/06/2026;16:36:59
dc5002ff-88e8-49b5-917b-c8a8e27382e5,_Kxks,0,23/06/2026;16:53:47
b705ccdd-dd40-455b-b092-22b2011a57bf,Skywalkered,23/06/2026;16:57:06,0
dc5002ff-88e8-49b5-917b-c8a8e27382e5,_Kxks,23/06/2026;17:02:18,0
7c75b21e-8e65-4fef-8043-dbb0e7d21439,oneGhost_,23/06/2026;17:08:07,0
7c75b21e-8e65-4fef-8043-dbb0e7d21439,oneGhost_,0,23/06/2026;17:08:07
7c75b21e-8e65-4fef-8043-dbb0e7d21439,oneGhost_,0,23/06/2026;17:08:43
7c75b21e-8e65-4fef-8043-dbb0e7d21439,oneGhost_,23/06/2026;17:11:54,0
afb8452f-c87a-491f-9913-33c15032055e,iamstormbound,0,23/06/2026;17:34:12
b705ccdd-dd40-455b-b092-22b2011a57bf,Skywalkered,0,23/06/2026;17:35:13
7c75b21e-8e65-4fef-8043-dbb0e7d21439,oneGhost_,0,23/06/2026;17:35:24
ee756bad-ba76-417e-8c7b-8e659e07d308,Aveign,23/06/2026;17:37:50,0
dd81ac6f-8caa-4c05-992b-41c465ff2f63,AFamiliarity,23/06/2026;17:41:08,0
3cfaa24a-a43b-43b1-b893-5c849aeca8b1,ImNycleo,23/06/2026;17:42:36,0
8e598f9b-ff76-405a-9368-3f0925163b6a,MoldyNeptune,23/06/2026;18:08:43,0
4f0bb989-983d-4c0c-bf94-4cfa784dca60,Geebly,23/06/2026;18:38:56,0
0fc8752c-cafa-4570-a173-3dfa24336c11,KindaNiki,0,23/06/2026;18:40:15
dc5002ff-88e8-49b5-917b-c8a8e27382e5,_Kxks,0,23/06/2026;18:43:01
7c75b21e-8e65-4fef-8043-dbb0e7d21439,oneGhost_,23/06/2026;19:12:41,0
7c75b21e-8e65-4fef-8043-dbb0e7d21439,oneGhost_,0,23/06/2026;19:16:04
8e598f9b-ff76-405a-9368-3f0925163b6a,MoldyNeptune,0,23/06/2026;19:16:07
7c75b21e-8e65-4fef-8043-dbb0e7d21439,oneGhost_,23/06/2026;19:16:12,0
8e598f9b-ff76-405a-9368-3f0925163b6a,MoldyNeptune,23/06/2026;19:16:14,0
78b5ea1a-991e-44ad-9989-d7d450134949,Xelon1312,23/06/2026;19:16:38,0
ee756bad-ba76-417e-8c7b-8e659e07d308,Aveign,0,23/06/2026;19:28:18
7c75b21e-8e65-4fef-8043-dbb0e7d21439,oneGhost_,0,23/06/2026;19:32:09
78b5ea1a-991e-44ad-9989-d7d450134949,Xelon1312,0,23/06/2026;19:35:57
e84ee678-1a9b-4517-a6ff-4c6199f1b782,Chittochi,23/06/2026;19:44:25,0
e84ee678-1a9b-4517-a6ff-4c6199f1b782,Chittochi,0,23/06/2026;20:03:43
4f0bb989-983d-4c0c-bf94-4cfa784dca60,Geebly,0,23/06/2026;20:08:31
8e598f9b-ff76-405a-9368-3f0925163b6a,MoldyNeptune,0,23/06/2026;20:08:34
8e598f9b-ff76-405a-9368-3f0925163b6a,MoldyNeptune,23/06/2026;20:08:48,0
f79dd909-767b-4881-808f-79405f167858,ArgonOil39,23/06/2026;20:09:58,0
7bec3e49-61c6-4a2e-9f16-719bffc434ec,MaximusPrimed,23/06/2026;20:10:33,0
8e598f9b-ff76-405a-9368-3f0925163b6a,MoldyNeptune,0,23/06/2026;20:14:03
8e598f9b-ff76-405a-9368-3f0925163b6a,MoldyNeptune,23/06/2026;20:14:05,0
39d1266b-6dc7-4c5b-8183-9fc49869c77e,D41sy_,23/06/2026;20:16:33,0
8e598f9b-ff76-405a-9368-3f0925163b6a,MoldyNeptune,0,23/06/2026;20:19:06
7bec3e49-61c6-4a2e-9f16-719bffc434ec,MaximusPrimed,0,23/06/2026;20:19:19
8e598f9b-ff76-405a-9368-3f0925163b6a,MoldyNeptune,23/06/2026;20:19:19,0
7bec3e49-61c6-4a2e-9f16-719bffc434ec,MaximusPrimed,23/06/2026;20:19:37,0
f79dd909-767b-4881-808f-79405f167858,ArgonOil39,0,23/06/2026;20:22:08
f79dd909-767b-4881-808f-79405f167858,ArgonOil39,23/06/2026;20:22:24,0
f79dd909-767b-4881-808f-79405f167858,ArgonOil39,0,23/06/2026;20:23:13
c081e423-8f22-47de-81f8-be3654829f88,AFlamingPhoenix,23/06/2026;20:23:17,0
f79dd909-767b-4881-808f-79405f167858,ArgonOil39,23/06/2026;20:23:26,0
f79dd909-767b-4881-808f-79405f167858,ArgonOil39,0,23/06/2026;20:24:21
f79dd909-767b-4881-808f-79405f167858,ArgonOil39,23/06/2026;20:24:47,0
c081e423-8f22-47de-81f8-be3654829f88,AFlamingPhoenix,0,23/06/2026;20:25:02
f79dd909-767b-4881-808f-79405f167858,ArgonOil39,0,23/06/2026;20:25:20
f79dd909-767b-4881-808f-79405f167858,ArgonOil39,23/06/2026;20:25:56,0
78b5ea1a-991e-44ad-9989-d7d450134949,Xelon1312,23/06/2026;20:29:37,0
c081e423-8f22-47de-81f8-be3654829f88,AFlamingPhoenix,23/06/2026;20:36:17,0
78b5ea1a-991e-44ad-9989-d7d450134949,Xelon1312,0,23/06/2026;20:47:31
4f0bb989-983d-4c0c-bf94-4cfa784dca60,Geebly,23/06/2026;20:50:18,0
8e598f9b-ff76-405a-9368-3f0925163b6a,MoldyNeptune,0,23/06/2026;20:51:17
8e598f9b-ff76-405a-9368-3f0925163b6a,MoldyNeptune,23/06/2026;20:51:36,0
145c0154-e6c3-4967-963f-13848d8107a8,OriOrigami,23/06/2026;20:54:18,0
4f0bb989-983d-4c0c-bf94-4cfa784dca60,Geebly,0,23/06/2026;20:59:54
7bec3e49-61c6-4a2e-9f16-719bffc434ec,MaximusPrimed,0,23/06/2026;21:07:44
7bec3e49-61c6-4a2e-9f16-719bffc434ec,MaximusPrimed,23/06/2026;21:07:59,0
145c0154-e6c3-4967-963f-13848d8107a8,OriOrigami,0,23/06/2026;21:12:03
8e598f9b-ff76-405a-9368-3f0925163b6a,MoldyNeptune,0,23/06/2026;21:13:08
8e598f9b-ff76-405a-9368-3f0925163b6a,MoldyNeptune,23/06/2026;21:13:15,0
8e598f9b-ff76-405a-9368-3f0925163b6a,MoldyNeptune,0,23/06/2026;21:14:16
f03a4aea-0a70-4c8a-b32d-8cb4a485a70d,Link_lord905,23/06/2026;21:15:19,0
f03a4aea-0a70-4c8a-b32d-8cb4a485a70d,Link_lord905,0,23/06/2026;21:15:43
f03a4aea-0a70-4c8a-b32d-8cb4a485a70d,Link_lord905,23/06/2026;21:15:48,0
75f51159-85d3-42eb-9710-f6ec3ad348a0,SashKings,0,23/06/2026;21:24:23
f03a4aea-0a70-4c8a-b32d-8cb4a485a70d,Link_lord905,0,23/06/2026;21:24:59
f03a4aea-0a70-4c8a-b32d-8cb4a485a70d,Link_lord905,23/06/2026;21:25:20,0
c081e423-8f22-47de-81f8-be3654829f88,AFlamingPhoenix,0,23/06/2026;21:25:21
c081e423-8f22-47de-81f8-be3654829f88,AFlamingPhoenix,23/06/2026;21:25:30,0
c081e423-8f22-47de-81f8-be3654829f88,AFlamingPhoenix,0,23/06/2026;21:26:00
f03a4aea-0a70-4c8a-b32d-8cb4a485a70d,Link_lord905,0,23/06/2026;21:26:12
c081e423-8f22-47de-81f8-be3654829f88,AFlamingPhoenix,23/06/2026;21:26:19,0
145c0154-e6c3-4967-963f-13848d8107a8,OriOrigami,23/06/2026;21:28:02,0
145c0154-e6c3-4967-963f-13848d8107a8,OriOrigami,0,23/06/2026;21:33:48
145c0154-e6c3-4967-963f-13848d8107a8,OriOrigami,23/06/2026;21:34:25,0
7bec3e49-61c6-4a2e-9f16-719bffc434ec,MaximusPrimed,0,23/06/2026;21:47:24
7bec3e49-61c6-4a2e-9f16-719bffc434ec,MaximusPrimed,23/06/2026;21:47:32,0
7bec3e49-61c6-4a2e-9f16-719bffc434ec,MaximusPrimed,0,23/06/2026;21:51:36
dd81ac6f-8caa-4c05-992b-41c465ff2f63,AFamiliarity,0,23/06/2026;21:53:31
39d1266b-6dc7-4c5b-8183-9fc49869c77e,D41sy_,0,23/06/2026;21:53:55
39d1266b-6dc7-4c5b-8183-9fc49869c77e,D41sy_,23/06/2026;21:54:15,0
39d1266b-6dc7-4c5b-8183-9fc49869c77e,D41sy_,0,23/06/2026;21:55:15
39d1266b-6dc7-4c5b-8183-9fc49869c77e,D41sy_,23/06/2026;21:55:21,0
39d1266b-6dc7-4c5b-8183-9fc49869c77e,D41sy_,0,23/06/2026;21:56:21
39d1266b-6dc7-4c5b-8183-9fc49869c77e,D41sy_,23/06/2026;21:56:42,0
39d1266b-6dc7-4c5b-8183-9fc49869c77e,D41sy_,0,23/06/2026;21:57:42
39d1266b-6dc7-4c5b-8183-9fc49869c77e,D41sy_,23/06/2026;21:57:47,0
f79dd909-767b-4881-808f-79405f167858,ArgonOil39,0,23/06/2026;21:57:48
f79dd909-767b-4881-808f-79405f167858,ArgonOil39,23/06/2026;21:57:55,0
39d1266b-6dc7-4c5b-8183-9fc49869c77e,D41sy_,0,23/06/2026;21:58:31
f79dd909-767b-4881-808f-79405f167858,ArgonOil39,0,23/06/2026;21:58:34
c081e423-8f22-47de-81f8-be3654829f88,AFlamingPhoenix,0,23/06/2026;21:58:36
f79dd909-767b-4881-808f-79405f167858,ArgonOil39,23/06/2026;21:58:40,0
c081e423-8f22-47de-81f8-be3654829f88,AFlamingPhoenix,23/06/2026;21:59:06,0
f79dd909-767b-4881-808f-79405f167858,ArgonOil39,0,23/06/2026;21:59:21
f79dd909-767b-4881-808f-79405f167858,ArgonOil39,23/06/2026;21:59:31,0
f79dd909-767b-4881-808f-79405f167858,ArgonOil39,0,23/06/2026;22:00:03
c081e423-8f22-47de-81f8-be3654829f88,AFlamingPhoenix,0,23/06/2026;22:00:06
f79dd909-767b-4881-808f-79405f167858,ArgonOil39,23/06/2026;22:00:14,0
3cfaa24a-a43b-43b1-b893-5c849aeca8b1,ImNycleo,0,23/06/2026;22:00:16
f79dd909-767b-4881-808f-79405f167858,ArgonOil39,0,23/06/2026;22:00:45
f79dd909-767b-4881-808f-79405f167858,ArgonOil39,23/06/2026;22:01:05,0
f79dd909-767b-4881-808f-79405f167858,ArgonOil39,0,23/06/2026;22:02:05
f79dd909-767b-4881-808f-79405f167858,ArgonOil39,23/06/2026;22:02:23,0
f79dd909-767b-4881-808f-79405f167858,ArgonOil39,0,23/06/2026;22:02:52
e84ee678-1a9b-4517-a6ff-4c6199f1b782,Chittochi,23/06/2026;22:26:03,0
e84ee678-1a9b-4517-a6ff-4c6199f1b782,Chittochi,0,23/06/2026;22:27:03
e84ee678-1a9b-4517-a6ff-4c6199f1b782,Chittochi,23/06/2026;22:27:10,0
145c0154-e6c3-4967-963f-13848d8107a8,OriOrigami,0,23/06/2026;22:27:55
e84ee678-1a9b-4517-a6ff-4c6199f1b782,Chittochi,0,23/06/2026;22:28:00
bf58b239-1ea0-4a10-a57c-a57d2d7faa30,vivianholiday,23/06/2026;22:42:00,0
8e598f9b-ff76-405a-9368-3f0925163b6a,MoldyNeptune,23/06/2026;23:12:57,0
8e598f9b-ff76-405a-9368-3f0925163b6a,MoldyNeptune,0,23/06/2026;23:23:04
8e598f9b-ff76-405a-9368-3f0925163b6a,MoldyNeptune,23/06/2026;23:23:14,0
fc26159a-c1cd-467b-812b-0334495d3efd,ValeGrave,23/06/2026;23:31:43,0
fc26159a-c1cd-467b-812b-0334495d3efd,ValeGrave,0,23/06/2026;23:38:25
e84ee678-1a9b-4517-a6ff-4c6199f1b782,Chittochi,23/06/2026;23:41:19,0
e84ee678-1a9b-4517-a6ff-4c6199f1b782,Chittochi,0,23/06/2026;23:41:27
e84ee678-1a9b-4517-a6ff-4c6199f1b782,Chittochi,23/06/2026;23:41:44,0
78b5ea1a-991e-44ad-9989-d7d450134949,Xelon1312,24/06/2026;00:07:20,0
8e598f9b-ff76-405a-9368-3f0925163b6a,MoldyNeptune,24/06/2026;00:09:15,0
bf58b239-1ea0-4a10-a57c-a57d2d7faa30,vivianholiday,24/06/2026;00:09:19,0
e84ee678-1a9b-4517-a6ff-4c6199f1b782,Chittochi,24/06/2026;00:09:22,0
78b5ea1a-991e-44ad-9989-d7d450134949,Xelon1312,24/06/2026;00:13:41,0
8e598f9b-ff76-405a-9368-3f0925163b6a,MoldyNeptune,0,24/06/2026;00:50:25
78b5ea1a-991e-44ad-9989-d7d450134949,Xelon1312,0,24/06/2026;00:51:14
e84ee678-1a9b-4517-a6ff-4c6199f1b782,Chittochi,0,24/06/2026;00:51:46
e84ee678-1a9b-4517-a6ff-4c6199f1b782,Chittochi,24/06/2026;00:51:52,0
e84ee678-1a9b-4517-a6ff-4c6199f1b782,Chittochi,0,24/06/2026;00:52:23
8e598f9b-ff76-405a-9368-3f0925163b6a,MoldyNeptune,24/06/2026;01:06:23,0
8e598f9b-ff76-405a-9368-3f0925163b6a,MoldyNeptune,0,24/06/2026;01:06:55
145c0154-e6c3-4967-963f-13848d8107a8,OriOrigami,24/06/2026;01:30:46,0
78b5ea1a-991e-44ad-9989-d7d450134949,Xelon1312,24/06/2026;01:59:22,0
145c0154-e6c3-4967-963f-13848d8107a8,OriOrigami,0,24/06/2026;01:59:58
78b5ea1a-991e-44ad-9989-d7d450134949,Xelon1312,0,24/06/2026;02:02:56
ee756bad-ba76-417e-8c7b-8e659e07d308,Aveign,24/06/2026;03:44:53,0
e84ee678-1a9b-4517-a6ff-4c6199f1b782,Chittochi,24/06/2026;04:08:28,0
e84ee678-1a9b-4517-a6ff-4c6199f1b782,Chittochi,0,24/06/2026;04:18:03
bf58b239-1ea0-4a10-a57c-a57d2d7faa30,vivianholiday,0,24/06/2026;05:06:39
ac435971-bfb7-4f5e-a9ea-32335a2acee2,Riotte,24/06/2026;05:29:28,0
ac435971-bfb7-4f5e-a9ea-32335a2acee2,Riotte,0,24/06/2026;05:30:10
ac435971-bfb7-4f5e-a9ea-32335a2acee2,Riotte,24/06/2026;05:30:27,0
ed44d55f-9f5b-42d5-8821-7499a9a558cf,DatGuYouKnow,24/06/2026;05:42:11,0
ed44d55f-9f5b-42d5-8821-7499a9a558cf,DatGuYouKnow,0,24/06/2026;05:42:23
ed44d55f-9f5b-42d5-8821-7499a9a558cf,DatGuYouKnow,24/06/2026;05:42:28,0
ed44d55f-9f5b-42d5-8821-7499a9a558cf,DatGuYouKnow,0,24/06/2026;05:43:03
ed44d55f-9f5b-42d5-8821-7499a9a558cf,DatGuYouKnow,24/06/2026;05:43:10,0
ed44d55f-9f5b-42d5-8821-7499a9a558cf,DatGuYouKnow,0,24/06/2026;05:43:57
ed44d55f-9f5b-42d5-8821-7499a9a558cf,DatGuYouKnow,24/06/2026;05:44:16,0
ed44d55f-9f5b-42d5-8821-7499a9a558cf,DatGuYouKnow,0,24/06/2026;05:45:16
ed44d55f-9f5b-42d5-8821-7499a9a558cf,DatGuYouKnow,24/06/2026;05:45:27,0
ed44d55f-9f5b-42d5-8821-7499a9a558cf,DatGuYouKnow,0,24/06/2026;05:46:27
ed44d55f-9f5b-42d5-8821-7499a9a558cf,DatGuYouKnow,24/06/2026;05:46:37,0
ed44d55f-9f5b-42d5-8821-7499a9a558cf,DatGuYouKnow,0,24/06/2026;05:47:38
ed44d55f-9f5b-42d5-8821-7499a9a558cf,DatGuYouKnow,24/06/2026;05:50:29,0
ed44d55f-9f5b-42d5-8821-7499a9a558cf,DatGuYouKnow,0,24/06/2026;05:51:44
ed44d55f-9f5b-42d5-8821-7499a9a558cf,DatGuYouKnow,24/06/2026;05:52:24,0
ac435971-bfb7-4f5e-a9ea-32335a2acee2,Riotte,0,24/06/2026;05:52:58
ed44d55f-9f5b-42d5-8821-7499a9a558cf,DatGuYouKnow,0,24/06/2026;05:53:24
ac435971-bfb7-4f5e-a9ea-32335a2acee2,Riotte,24/06/2026;05:53:44,0
ed44d55f-9f5b-42d5-8821-7499a9a558cf,DatGuYouKnow,24/06/2026;05:54:12,0
ed44d55f-9f5b-42d5-8821-7499a9a558cf,DatGuYouKnow,0,24/06/2026;05:54:27
ac435971-bfb7-4f5e-a9ea-32335a2acee2,Riotte,0,24/06/2026;05:54:42
ac435971-bfb7-4f5e-a9ea-32335a2acee2,Riotte,24/06/2026;05:55:00,0
ac435971-bfb7-4f5e-a9ea-32335a2acee2,Riotte,0,24/06/2026;05:56:45
ac435971-bfb7-4f5e-a9ea-32335a2acee2,Riotte,24/06/2026;05:57:04,0
ed44d55f-9f5b-42d5-8821-7499a9a558cf,DatGuYouKnow,24/06/2026;05:57:23,0
ac435971-bfb7-4f5e-a9ea-32335a2acee2,Riotte,0,24/06/2026;05:57:25
ed44d55f-9f5b-42d5-8821-7499a9a558cf,DatGuYouKnow,0,24/06/2026;05:58:23
ac435971-bfb7-4f5e-a9ea-32335a2acee2,Riotte,24/06/2026;06:00:48,0
ac435971-bfb7-4f5e-a9ea-32335a2acee2,Riotte,0,24/06/2026;06:01:31
ed44d55f-9f5b-42d5-8821-7499a9a558cf,DatGuYouKnow,24/06/2026;06:01:49,0
ed44d55f-9f5b-42d5-8821-7499a9a558cf,DatGuYouKnow,0,24/06/2026;06:02:19
ac435971-bfb7-4f5e-a9ea-32335a2acee2,Riotte,24/06/2026;06:37:00,0
ac435971-bfb7-4f5e-a9ea-32335a2acee2,Riotte,0,24/06/2026;06:38:58
afb8452f-c87a-491f-9913-33c15032055e,iamstormbound,24/06/2026;07:05:14,0
afb8452f-c87a-491f-9913-33c15032055e,iamstormbound,0,24/06/2026;07:06:03
afb8452f-c87a-491f-9913-33c15032055e,iamstormbound,24/06/2026;07:06:09,0
afb8452f-c87a-491f-9913-33c15032055e,iamstormbound,0,24/06/2026;07:06:45
ed44d55f-9f5b-42d5-8821-7499a9a558cf,DatGuYouKnow,24/06/2026;07:06:51,0
ed44d55f-9f5b-42d5-8821-7499a9a558cf,DatGuYouKnow,0,24/06/2026;07:07:51
afb8452f-c87a-491f-9913-33c15032055e,iamstormbound,24/06/2026;07:13:12,0
afb8452f-c87a-491f-9913-33c15032055e,iamstormbound,0,24/06/2026;07:13:29
0fc8752c-cafa-4570-a173-3dfa24336c11,KindaNiki,24/06/2026;07:33:45,0
0fc8752c-cafa-4570-a173-3dfa24336c11,KindaNiki,0,24/06/2026;07:35:01
0fc8752c-cafa-4570-a173-3dfa24336c11,KindaNiki,24/06/2026;07:35:11,0
0fc8752c-cafa-4570-a173-3dfa24336c11,KindaNiki,0,24/06/2026;07:36:42
0fc8752c-cafa-4570-a173-3dfa24336c11,KindaNiki,24/06/2026;07:37:06,0
0fc8752c-cafa-4570-a173-3dfa24336c11,KindaNiki,0,24/06/2026;07:37:47
0fc8752c-cafa-4570-a173-3dfa24336c11,KindaNiki,24/06/2026;07:46:58,0
0fc8752c-cafa-4570-a173-3dfa24336c11,KindaNiki,0,24/06/2026;07:48:05
0fc8752c-cafa-4570-a173-3dfa24336c11,KindaNiki,24/06/2026;07:48:49,0
0fc8752c-cafa-4570-a173-3dfa24336c11,KindaNiki,0,24/06/2026;07:48:59
0fc8752c-cafa-4570-a173-3dfa24336c11,KindaNiki,24/06/2026;09:34:48,0
0fc8752c-cafa-4570-a173-3dfa24336c11,KindaNiki,0,24/06/2026;09:35:24
75f51159-85d3-42eb-9710-f6ec3ad348a0,SashKings,24/06/2026;10:32:38,0
75f51159-85d3-42eb-9710-f6ec3ad348a0,SashKings,0,24/06/2026;10:33:38
75f51159-85d3-42eb-9710-f6ec3ad348a0,SashKings,24/06/2026;10:33:45,0
75f51159-85d3-42eb-9710-f6ec3ad348a0,SashKings,0,24/06/2026;10:36:05
75f51159-85d3-42eb-9710-f6ec3ad348a0,SashKings,24/06/2026;10:36:22,0
75f51159-85d3-42eb-9710-f6ec3ad348a0,SashKings,0,24/06/2026;10:37:53
75f51159-85d3-42eb-9710-f6ec3ad348a0,SashKings,24/06/2026;10:38:22,0
5f1716cf-1541-4485-bddc-c297ef66f5bd,_Hark,24/06/2026;10:50:32,0
5f1716cf-1541-4485-bddc-c297ef66f5bd,_Hark,0,24/06/2026;10:51:32
5f1716cf-1541-4485-bddc-c297ef66f5bd,_Hark,24/06/2026;10:51:51,0
5f1716cf-1541-4485-bddc-c297ef66f5bd,_Hark,0,24/06/2026;10:52:51
5f1716cf-1541-4485-bddc-c297ef66f5bd,_Hark,24/06/2026;10:53:19,0
5f1716cf-1541-4485-bddc-c297ef66f5bd,_Hark,0,24/06/2026;10:54:19
5f1716cf-1541-4485-bddc-c297ef66f5bd,_Hark,24/06/2026;10:55:23,0
75f51159-85d3-42eb-9710-f6ec3ad348a0,SashKings,0,24/06/2026;10:55:40
75f51159-85d3-42eb-9710-f6ec3ad348a0,SashKings,24/06/2026;10:55:52,0
5f1716cf-1541-4485-bddc-c297ef66f5bd,_Hark,0,24/06/2026;10:56:24
5f1716cf-1541-4485-bddc-c297ef66f5bd,_Hark,24/06/2026;11:00:29,0
5f1716cf-1541-4485-bddc-c297ef66f5bd,_Hark,0,24/06/2026;11:01:29
5f1716cf-1541-4485-bddc-c297ef66f5bd,_Hark,24/06/2026;11:03:28,0
5f1716cf-1541-4485-bddc-c297ef66f5bd,_Hark,0,24/06/2026;11:04:28
5f1716cf-1541-4485-bddc-c297ef66f5bd,_Hark,24/06/2026;11:09:28,0
5f1716cf-1541-4485-bddc-c297ef66f5bd,_Hark,0,24/06/2026;11:10:28
dd81ac6f-8caa-4c05-992b-41c465ff2f63,AFamiliarity,24/06/2026;11:17:03,0
5f1716cf-1541-4485-bddc-c297ef66f5bd,_Hark,24/06/2026;11:21:49,0
5f1716cf-1541-4485-bddc-c297ef66f5bd,_Hark,0,24/06/2026;11:22:49
75f51159-85d3-42eb-9710-f6ec3ad348a0,SashKings,0,24/06/2026;11:24:18
5f1716cf-1541-4485-bddc-c297ef66f5bd,_Hark,24/06/2026;11:34:45,0
5f1716cf-1541-4485-bddc-c297ef66f5bd,_Hark,0,24/06/2026;11:35:48
75f51159-85d3-42eb-9710-f6ec3ad348a0,SashKings,24/06/2026;11:37:06,0
75f51159-85d3-42eb-9710-f6ec3ad348a0,SashKings,0,24/06/2026;11:37:49
5f1716cf-1541-4485-bddc-c297ef66f5bd,_Hark,24/06/2026;11:37:57,0
75f51159-85d3-42eb-9710-f6ec3ad348a0,SashKings,24/06/2026;11:38:10,0
5f1716cf-1541-4485-bddc-c297ef66f5bd,_Hark,0,24/06/2026;11:38:57
75f51159-85d3-42eb-9710-f6ec3ad348a0,SashKings,0,24/06/2026;11:39:10
5f1716cf-1541-4485-bddc-c297ef66f5bd,_Hark,24/06/2026;11:45:50,0
5f1716cf-1541-4485-bddc-c297ef66f5bd,_Hark,0,24/06/2026;11:46:51
33a27411-7886-4c65-8eb1-1b55b6f4184d,Kleptoplasm,24/06/2026;11:47:57,0
8e598f9b-ff76-405a-9368-3f0925163b6a,MoldyNeptune,24/06/2026;11:49:22,0
75f51159-85d3-42eb-9710-f6ec3ad348a0,SashKings,24/06/2026;11:51:46,0
75f51159-85d3-42eb-9710-f6ec3ad348a0,SashKings,0,24/06/2026;11:52:46
5f1716cf-1541-4485-bddc-c297ef66f5bd,_Hark,24/06/2026;11:55:50,0
5f1716cf-1541-4485-bddc-c297ef66f5bd,_Hark,0,24/06/2026;11:57:05
ac435971-bfb7-4f5e-a9ea-32335a2acee2,Riotte,24/06/2026;12:13:40,0
ac435971-bfb7-4f5e-a9ea-32335a2acee2,Riotte,0,24/06/2026;12:14:15
ac435971-bfb7-4f5e-a9ea-32335a2acee2,Riotte,24/06/2026;12:14:38,0
ac435971-bfb7-4f5e-a9ea-32335a2acee2,Riotte,0,24/06/2026;12:15:23
ce0f19fe-7851-47d2-9f40-32f4c8e0e924,0NightSword,24/06/2026;12:18:00,0
ce0f19fe-7851-47d2-9f40-32f4c8e0e924,0NightSword,0,24/06/2026;12:19:00
ce0f19fe-7851-47d2-9f40-32f4c8e0e924,0NightSword,24/06/2026;12:19:19,0
ce0f19fe-7851-47d2-9f40-32f4c8e0e924,0NightSword,0,24/06/2026;12:20:19
8e598f9b-ff76-405a-9368-3f0925163b6a,MoldyNeptune,0,24/06/2026;12:21:55
8e598f9b-ff76-405a-9368-3f0925163b6a,MoldyNeptune,24/06/2026;12:22:06,0
33a27411-7886-4c65-8eb1-1b55b6f4184d,Kleptoplasm,0,24/06/2026;12:43:40
8e598f9b-ff76-405a-9368-3f0925163b6a,MoldyNeptune,0,24/06/2026;12:47:32
39d1266b-6dc7-4c5b-8183-9fc49869c77e,D41sy_,24/06/2026;12:56:03,0
39d1266b-6dc7-4c5b-8183-9fc49869c77e,D41sy_,0,24/06/2026;12:57:13
53e733b5-9458-4188-9cf8-cfaf8edbf86c,TestDummy,24/06/2026;13:02:05,0
53e733b5-9458-4188-9cf8-cfaf8edbf86c,TestDummy,0,24/06/2026;13:02:30
53e733b5-9458-4188-9cf8-cfaf8edbf86c,TestDummy,24/06/2026;13:07:02,0
53e733b5-9458-4188-9cf8-cfaf8edbf86c,TestDummy,0,24/06/2026;13:07:28
53e733b5-9458-4188-9cf8-cfaf8edbf86c,TestDummy,24/06/2026;13:07:37,0
53e733b5-9458-4188-9cf8-cfaf8edbf86c,TestDummy,0,24/06/2026;13:08:10
53e733b5-9458-4188-9cf8-cfaf8edbf86c,TestDummy,24/06/2026;13:08:16,0
53e733b5-9458-4188-9cf8-cfaf8edbf86c,TestDummy,0,24/06/2026;13:09:39
53e733b5-9458-4188-9cf8-cfaf8edbf86c,TestDummy,24/06/2026;13:11:34,0
53e733b5-9458-4188-9cf8-cfaf8edbf86c,TestDummy,0,24/06/2026;13:13:26
afb8452f-c87a-491f-9913-33c15032055e,iamstormbound,24/06/2026;13:18:27,0
afb8452f-c87a-491f-9913-33c15032055e,iamstormbound,0,24/06/2026;13:19:27
53e733b5-9458-4188-9cf8-cfaf8edbf86c,TestDummy,24/06/2026;13:21:50,0
53e733b5-9458-4188-9cf8-cfaf8edbf86c,TestDummy,0,24/06/2026;13:22:59
53e733b5-9458-4188-9cf8-cfaf8edbf86c,TestDummy,24/06/2026;13:23:21,0
53e733b5-9458-4188-9cf8-cfaf8edbf86c,TestDummy,0,24/06/2026;13:25:25
b705ccdd-dd40-455b-b092-22b2011a57bf,Skywalkered,24/06/2026;13:30:15,0
b705ccdd-dd40-455b-b092-22b2011a57bf,Skywalkered,0,24/06/2026;13:31:20
b705ccdd-dd40-455b-b092-22b2011a57bf,Skywalkered,24/06/2026;13:31:29,0
b705ccdd-dd40-455b-b092-22b2011a57bf,Skywalkered,0,24/06/2026;13:32:40
75f51159-85d3-42eb-9710-f6ec3ad348a0,SashKings,24/06/2026;13:35:05,0
b705ccdd-dd40-455b-b092-22b2011a57bf,Skywalkered,24/06/2026;13:35:44,0
75f51159-85d3-42eb-9710-f6ec3ad348a0,SashKings,0,24/06/2026;13:36:06
75f51159-85d3-42eb-9710-f6ec3ad348a0,SashKings,24/06/2026;13:36:15,0
b705ccdd-dd40-455b-b092-22b2011a57bf,Skywalkered,0,24/06/2026;13:37:14
75f51159-85d3-42eb-9710-f6ec3ad348a0,SashKings,0,24/06/2026;13:37:16
b705ccdd-dd40-455b-b092-22b2011a57bf,Skywalkered,24/06/2026;13:37:44,0
b705ccdd-dd40-455b-b092-22b2011a57bf,Skywalkered,0,24/06/2026;13:40:00
3cfaa24a-a43b-43b1-b893-5c849aeca8b1,ImNycleo,24/06/2026;13:48:01,0
b705ccdd-dd40-455b-b092-22b2011a57bf,Skywalkered,24/06/2026;13:48:55,0
3cfaa24a-a43b-43b1-b893-5c849aeca8b1,ImNycleo,0,24/06/2026;13:49:03
b705ccdd-dd40-455b-b092-22b2011a57bf,Skywalkered,0,24/06/2026;13:49:29
3cfaa24a-a43b-43b1-b893-5c849aeca8b1,ImNycleo,24/06/2026;13:51:14,0
3cfaa24a-a43b-43b1-b893-5c849aeca8b1,ImNycleo,0,24/06/2026;13:51:48
3cfaa24a-a43b-43b1-b893-5c849aeca8b1,ImNycleo,24/06/2026;13:52:04,0
3cfaa24a-a43b-43b1-b893-5c849aeca8b1,ImNycleo,0,24/06/2026;13:54:04
3cfaa24a-a43b-43b1-b893-5c849aeca8b1,ImNycleo,24/06/2026;13:54:12,0
3cfaa24a-a43b-43b1-b893-5c849aeca8b1,ImNycleo,0,24/06/2026;13:55:42
3cfaa24a-a43b-43b1-b893-5c849aeca8b1,ImNycleo,24/06/2026;13:55:53,0
3cfaa24a-a43b-43b1-b893-5c849aeca8b1,ImNycleo,0,24/06/2026;13:58:23
3cfaa24a-a43b-43b1-b893-5c849aeca8b1,ImNycleo,24/06/2026;13:58:36,0
3cfaa24a-a43b-43b1-b893-5c849aeca8b1,ImNycleo,0,24/06/2026;13:59:51
3cfaa24a-a43b-43b1-b893-5c849aeca8b1,ImNycleo,24/06/2026;14:00:38,0
3cfaa24a-a43b-43b1-b893-5c849aeca8b1,ImNycleo,0,24/06/2026;14:01:38
3cfaa24a-a43b-43b1-b893-5c849aeca8b1,ImNycleo,24/06/2026;14:03:24,0
3cfaa24a-a43b-43b1-b893-5c849aeca8b1,ImNycleo,0,24/06/2026;14:04:46
3cfaa24a-a43b-43b1-b893-5c849aeca8b1,ImNycleo,24/06/2026;14:05:18,0
3cfaa24a-a43b-43b1-b893-5c849aeca8b1,ImNycleo,0,24/06/2026;14:05:48
dd81ac6f-8caa-4c05-992b-41c465ff2f63,AFamiliarity,0,24/06/2026;14:24:08
4f0bb989-983d-4c0c-bf94-4cfa784dca60,Geebly,24/06/2026;15:20:01,0
4f0bb989-983d-4c0c-bf94-4cfa784dca60,Geebly,0,24/06/2026;15:20:36
dd81ac6f-8caa-4c05-992b-41c465ff2f63,AFamiliarity,24/06/2026;15:31:37,0
dc5002ff-88e8-49b5-917b-c8a8e27382e5,_Kxks,24/06/2026;15:41:12,0
dc5002ff-88e8-49b5-917b-c8a8e27382e5,_Kxks,0,24/06/2026;15:42:58
dc5002ff-88e8-49b5-917b-c8a8e27382e5,_Kxks,24/06/2026;15:46:01,0
dc5002ff-88e8-49b5-917b-c8a8e27382e5,_Kxks,0,24/06/2026;15:48:57
dc5002ff-88e8-49b5-917b-c8a8e27382e5,_Kxks,24/06/2026;15:48:58,0
dc5002ff-88e8-49b5-917b-c8a8e27382e5,_Kxks,0,24/06/2026;15:49:58
dc5002ff-88e8-49b5-917b-c8a8e27382e5,_Kxks,24/06/2026;15:51:03,0
75f51159-85d3-42eb-9710-f6ec3ad348a0,SashKings,24/06/2026;15:51:39,0
75f51159-85d3-42eb-9710-f6ec3ad348a0,SashKings,0,24/06/2026;15:52:41
dc5002ff-88e8-49b5-917b-c8a8e27382e5,_Kxks,0,24/06/2026;15:52:55
75f51159-85d3-42eb-9710-f6ec3ad348a0,SashKings,24/06/2026;15:53:24,0
dc5002ff-88e8-49b5-917b-c8a8e27382e5,_Kxks,24/06/2026;15:53:39,0
dd81ac6f-8caa-4c05-992b-41c465ff2f63,AFamiliarity,0,24/06/2026;15:54:22
75f51159-85d3-42eb-9710-f6ec3ad348a0,SashKings,0,24/06/2026;15:54:24
4f0bb989-983d-4c0c-bf94-4cfa784dca60,Geebly,24/06/2026;16:04:41,0
4f0bb989-983d-4c0c-bf94-4cfa784dca60,Geebly,0,24/06/2026;16:06:55
75f51159-85d3-42eb-9710-f6ec3ad348a0,SashKings,24/06/2026;16:08:13,0
78b5ea1a-991e-44ad-9989-d7d450134949,Xelon1312,24/06/2026;16:08:20,0
75f51159-85d3-42eb-9710-f6ec3ad348a0,SashKings,0,24/06/2026;16:09:13
75f51159-85d3-42eb-9710-f6ec3ad348a0,SashKings,24/06/2026;16:09:24,0
75f51159-85d3-42eb-9710-f6ec3ad348a0,SashKings,0,24/06/2026;16:10:24
0fc8752c-cafa-4570-a173-3dfa24336c11,KindaNiki,24/06/2026;16:23:52,0
0fc8752c-cafa-4570-a173-3dfa24336c11,KindaNiki,0,24/06/2026;16:24:38
0fc8752c-cafa-4570-a173-3dfa24336c11,KindaNiki,24/06/2026;16:25:04,0
0fc8752c-cafa-4570-a173-3dfa24336c11,KindaNiki,0,24/06/2026;16:25:34
0fc8752c-cafa-4570-a173-3dfa24336c11,KindaNiki,24/06/2026;16:26:04,0
121fee2c-33d8-478f-bb4b-1e96e963e297,PixelPioneer911,24/06/2026;16:26:12,0
0fc8752c-cafa-4570-a173-3dfa24336c11,KindaNiki,0,24/06/2026;16:26:24
78b5ea1a-991e-44ad-9989-d7d450134949,Xelon1312,0,24/06/2026;16:32:48
4f0bb989-983d-4c0c-bf94-4cfa784dca60,Geebly,24/06/2026;16:44:10,0
4f0bb989-983d-4c0c-bf94-4cfa784dca60,Geebly,0,24/06/2026;16:45:09
ee756bad-ba76-417e-8c7b-8e659e07d308,Aveign,0,24/06/2026;17:00:52
ee756bad-ba76-417e-8c7b-8e659e07d308,Aveign,24/06/2026;17:01:00,0
ee756bad-ba76-417e-8c7b-8e659e07d308,Aveign,0,24/06/2026;17:02:00
ee756bad-ba76-417e-8c7b-8e659e07d308,Aveign,24/06/2026;17:02:06,0
ee756bad-ba76-417e-8c7b-8e659e07d308,Aveign,0,24/06/2026;17:03:32
dc5002ff-88e8-49b5-917b-c8a8e27382e5,_Kxks,0,24/06/2026;17:03:34
dc5002ff-88e8-49b5-917b-c8a8e27382e5,_Kxks,24/06/2026;17:04:00,0
dc5002ff-88e8-49b5-917b-c8a8e27382e5,_Kxks,0,24/06/2026;17:06:37
e84ee678-1a9b-4517-a6ff-4c6199f1b782,Chittochi,24/06/2026;17:09:01,0
dc5002ff-88e8-49b5-917b-c8a8e27382e5,_Kxks,24/06/2026;17:09:23,0
e84ee678-1a9b-4517-a6ff-4c6199f1b782,Chittochi,0,24/06/2026;17:09:46
ee756bad-ba76-417e-8c7b-8e659e07d308,Aveign,24/06/2026;17:11:09,0
ee756bad-ba76-417e-8c7b-8e659e07d308,Aveign,0,24/06/2026;17:12:09
ee756bad-ba76-417e-8c7b-8e659e07d308,Aveign,24/06/2026;17:16:37,0
ee756bad-ba76-417e-8c7b-8e659e07d308,Aveign,0,24/06/2026;17:17:37
121fee2c-33d8-478f-bb4b-1e96e963e297,PixelPioneer911,0,24/06/2026;17:22:07
ee756bad-ba76-417e-8c7b-8e659e07d308,Aveign,24/06/2026;17:25:01,0
ee756bad-ba76-417e-8c7b-8e659e07d308,Aveign,0,24/06/2026;17:27:10
ee756bad-ba76-417e-8c7b-8e659e07d308,Aveign,24/06/2026;17:32:10,0
ee756bad-ba76-417e-8c7b-8e659e07d308,Aveign,0,24/06/2026;17:32:31
ee756bad-ba76-417e-8c7b-8e659e07d308,Aveign,24/06/2026;17:34:41,0
ee756bad-ba76-417e-8c7b-8e659e07d308,Aveign,0,24/06/2026;17:34:58
ee756bad-ba76-417e-8c7b-8e659e07d308,Aveign,24/06/2026;17:36:55,0
ee756bad-ba76-417e-8c7b-8e659e07d308,Aveign,0,24/06/2026;17:37:12
ee756bad-ba76-417e-8c7b-8e659e07d308,Aveign,24/06/2026;17:37:50,0
ee756bad-ba76-417e-8c7b-8e659e07d308,Aveign,0,24/06/2026;17:38:07
ee756bad-ba76-417e-8c7b-8e659e07d308,Aveign,24/06/2026;17:39:11,0
ee756bad-ba76-417e-8c7b-8e659e07d308,Aveign,0,24/06/2026;17:39:26
dc5002ff-88e8-49b5-917b-c8a8e27382e5,_Kxks,0,24/06/2026;17:39:38
ee756bad-ba76-417e-8c7b-8e659e07d308,Aveign,24/06/2026;17:40:29,0
ee756bad-ba76-417e-8c7b-8e659e07d308,Aveign,0,24/06/2026;17:40:49
ee756bad-ba76-417e-8c7b-8e659e07d308,Aveign,24/06/2026;17:41:58,0
ee756bad-ba76-417e-8c7b-8e659e07d308,Aveign,0,24/06/2026;17:42:12
ee756bad-ba76-417e-8c7b-8e659e07d308,Aveign,24/06/2026;17:43:18,0
ee756bad-ba76-417e-8c7b-8e659e07d308,Aveign,0,24/06/2026;17:43:36
ee756bad-ba76-417e-8c7b-8e659e07d308,Aveign,24/06/2026;17:44:15,0
ee756bad-ba76-417e-8c7b-8e659e07d308,Aveign,0,24/06/2026;17:44:30
ee756bad-ba76-417e-8c7b-8e659e07d308,Aveign,24/06/2026;17:45:23,0
ee756bad-ba76-417e-8c7b-8e659e07d308,Aveign,0,24/06/2026;17:45:39
ee756bad-ba76-417e-8c7b-8e659e07d308,Aveign,24/06/2026;17:48:38,0
3cfaa24a-a43b-43b1-b893-5c849aeca8b1,ImNycleo,24/06/2026;18:31:34,0
3cfaa24a-a43b-43b1-b893-5c849aeca8b1,ImNycleo,0,24/06/2026;18:32:34
3cfaa24a-a43b-43b1-b893-5c849aeca8b1,ImNycleo,24/06/2026;18:32:43,0
3cfaa24a-a43b-43b1-b893-5c849aeca8b1,ImNycleo,0,24/06/2026;18:33:41
5f1716cf-1541-4485-bddc-c297ef66f5bd,_Hark,24/06/2026;18:44:02,0
5f1716cf-1541-4485-bddc-c297ef66f5bd,_Hark,0,24/06/2026;18:45:02
5f1716cf-1541-4485-bddc-c297ef66f5bd,_Hark,24/06/2026;18:49:13,0
ce0f19fe-7851-47d2-9f40-32f4c8e0e924,0NightSword,24/06/2026;18:53:07,0
39d1266b-6dc7-4c5b-8183-9fc49869c77e,D41sy_,24/06/2026;19:07:45,0
dc5002ff-88e8-49b5-917b-c8a8e27382e5,_Kxks,24/06/2026;19:09:58,0
dc5002ff-88e8-49b5-917b-c8a8e27382e5,_Kxks,0,24/06/2026;19:10:56
39d1266b-6dc7-4c5b-8183-9fc49869c77e,D41sy_,0,24/06/2026;19:11:00
dc5002ff-88e8-49b5-917b-c8a8e27382e5,_Kxks,24/06/2026;19:12:18,0
b705ccdd-dd40-455b-b092-22b2011a57bf,Skywalkered,24/06/2026;19:16:54,0
4f0bb989-983d-4c0c-bf94-4cfa784dca60,Geebly,24/06/2026;19:28:36,0
b705ccdd-dd40-455b-b092-22b2011a57bf,Skywalkered,0,24/06/2026;19:35:24
b705ccdd-dd40-455b-b092-22b2011a57bf,Skywalkered,24/06/2026;19:35:31,0
ee756bad-ba76-417e-8c7b-8e659e07d308,Aveign,0,24/06/2026;19:36:23
ee756bad-ba76-417e-8c7b-8e659e07d308,Aveign,24/06/2026;19:36:30,0
e84ee678-1a9b-4517-a6ff-4c6199f1b782,Chittochi,24/06/2026;19:42:56,0
e84ee678-1a9b-4517-a6ff-4c6199f1b782,Chittochi,0,24/06/2026;19:43:38
e84ee678-1a9b-4517-a6ff-4c6199f1b782,Chittochi,24/06/2026;19:43:46,0
dc5002ff-88e8-49b5-917b-c8a8e27382e5,_Kxks,0,24/06/2026;19:43:50
e84ee678-1a9b-4517-a6ff-4c6199f1b782,Chittochi,0,24/06/2026;19:44:01
e84ee678-1a9b-4517-a6ff-4c6199f1b782,Chittochi,24/06/2026;19:44:07,0
e84ee678-1a9b-4517-a6ff-4c6199f1b782,Chittochi,0,24/06/2026;19:44:22
ce0f19fe-7851-47d2-9f40-32f4c8e0e924,0NightSword,0,24/06/2026;19:45:23
e84ee678-1a9b-4517-a6ff-4c6199f1b782,Chittochi,24/06/2026;19:45:30,0
e84ee678-1a9b-4517-a6ff-4c6199f1b782,Chittochi,0,24/06/2026;19:47:45
b705ccdd-dd40-455b-b092-22b2011a57bf,Skywalkered,0,24/06/2026;19:48:05
e84ee678-1a9b-4517-a6ff-4c6199f1b782,Chittochi,24/06/2026;19:49:25,0
0fc8752c-cafa-4570-a173-3dfa24336c11,KindaNiki,24/06/2026;19:50:46,0
75f51159-85d3-42eb-9710-f6ec3ad348a0,SashKings,24/06/2026;19:52:42,0
ee756bad-ba76-417e-8c7b-8e659e07d308,Aveign,0,24/06/2026;19:54:43
e84ee678-1a9b-4517-a6ff-4c6199f1b782,Chittochi,0,24/06/2026;19:57:05
78b5ea1a-991e-44ad-9989-d7d450134949,Xelon1312,24/06/2026;19:58:25,0
e84ee678-1a9b-4517-a6ff-4c6199f1b782,Chittochi,24/06/2026;19:59:54,0
e84ee678-1a9b-4517-a6ff-4c6199f1b782,Chittochi,0,24/06/2026;20:00:54
e84ee678-1a9b-4517-a6ff-4c6199f1b782,Chittochi,24/06/2026;20:01:03,0
e84ee678-1a9b-4517-a6ff-4c6199f1b782,Chittochi,0,24/06/2026;20:02:03
78b5ea1a-991e-44ad-9989-d7d450134949,Xelon1312,0,24/06/2026;20:04:02
78b5ea1a-991e-44ad-9989-d7d450134949,Xelon1312,24/06/2026;20:04:21,0
78b5ea1a-991e-44ad-9989-d7d450134949,Xelon1312,0,24/06/2026;20:05:20
78b5ea1a-991e-44ad-9989-d7d450134949,Xelon1312,24/06/2026;20:06:34,0
e84ee678-1a9b-4517-a6ff-4c6199f1b782,Chittochi,24/06/2026;20:11:03,0
e84ee678-1a9b-4517-a6ff-4c6199f1b782,Chittochi,0,24/06/2026;20:12:04
78b5ea1a-991e-44ad-9989-d7d450134949,Xelon1312,0,24/06/2026;20:16:05
78b5ea1a-991e-44ad-9989-d7d450134949,Xelon1312,24/06/2026;20:16:17,0
78b5ea1a-991e-44ad-9989-d7d450134949,Xelon1312,0,24/06/2026;20:18:49
78b5ea1a-991e-44ad-9989-d7d450134949,Xelon1312,24/06/2026;20:20:13,0
e84ee678-1a9b-4517-a6ff-4c6199f1b782,Chittochi,24/06/2026;20:20:30,0
e84ee678-1a9b-4517-a6ff-4c6199f1b782,Chittochi,0,24/06/2026;20:21:30
78b5ea1a-991e-44ad-9989-d7d450134949,Xelon1312,0,24/06/2026;20:23:31
78b5ea1a-991e-44ad-9989-d7d450134949,Xelon1312,24/06/2026;20:25:05,0
4f0bb989-983d-4c0c-bf94-4cfa784dca60,Geebly,0,24/06/2026;20:26:30
e84ee678-1a9b-4517-a6ff-4c6199f1b782,Chittochi,24/06/2026;20:28:36,0
4f0bb989-983d-4c0c-bf94-4cfa784dca60,Geebly,24/06/2026;20:28:38,0
4f0bb989-983d-4c0c-bf94-4cfa784dca60,Geebly,0,24/06/2026;20:29:17
78b5ea1a-991e-44ad-9989-d7d450134949,Xelon1312,0,24/06/2026;20:30:33
b705ccdd-dd40-455b-b092-22b2011a57bf,Skywalkered,24/06/2026;20:32:21,0
4f0bb989-983d-4c0c-bf94-4cfa784dca60,Geebly,24/06/2026;20:32:58,0
78b5ea1a-991e-44ad-9989-d7d450134949,Xelon1312,24/06/2026;20:34:17,0
4f0bb989-983d-4c0c-bf94-4cfa784dca60,Geebly,0,24/06/2026;20:37:06
4f0bb989-983d-4c0c-bf94-4cfa784dca60,Geebly,24/06/2026;20:38:43,0
b705ccdd-dd40-455b-b092-22b2011a57bf,Skywalkered,0,24/06/2026;20:50:37
b705ccdd-dd40-455b-b092-22b2011a57bf,Skywalkered,24/06/2026;20:50:57,0
b705ccdd-dd40-455b-b092-22b2011a57bf,Skywalkered,0,24/06/2026;20:52:07
b705ccdd-dd40-455b-b092-22b2011a57bf,Skywalkered,24/06/2026;20:52:26,0
39d1266b-6dc7-4c5b-8183-9fc49869c77e,D41sy_,24/06/2026;20:57:52,0
b705ccdd-dd40-455b-b092-22b2011a57bf,Skywalkered,0,24/06/2026;21:00:06
4f0bb989-983d-4c0c-bf94-4cfa784dca60,Geebly,0,24/06/2026;21:00:19
b705ccdd-dd40-455b-b092-22b2011a57bf,Skywalkered,24/06/2026;21:00:45,0
78b5ea1a-991e-44ad-9989-d7d450134949,Xelon1312,0,24/06/2026;21:02:41
78b5ea1a-991e-44ad-9989-d7d450134949,Xelon1312,24/06/2026;21:04:43,0
78b5ea1a-991e-44ad-9989-d7d450134949,Xelon1312,0,24/06/2026;21:05:08
75f51159-85d3-42eb-9710-f6ec3ad348a0,SashKings,0,24/06/2026;21:08:07
39d1266b-6dc7-4c5b-8183-9fc49869c77e,D41sy_,0,24/06/2026;21:08:09
75f51159-85d3-42eb-9710-f6ec3ad348a0,SashKings,24/06/2026;21:08:45,0
39d1266b-6dc7-4c5b-8183-9fc49869c77e,D41sy_,24/06/2026;21:08:59,0
e84ee678-1a9b-4517-a6ff-4c6199f1b782,Chittochi,0,24/06/2026;21:09:28
e84ee678-1a9b-4517-a6ff-4c6199f1b782,Chittochi,24/06/2026;21:10:35,0
b705ccdd-dd40-455b-b092-22b2011a57bf,Skywalkered,0,24/06/2026;21:13:57
7bec3e49-61c6-4a2e-9f16-719bffc434ec,MaximusPrimed,24/06/2026;21:23:05,0
bf58b239-1ea0-4a10-a57c-a57d2d7faa30,vivianholiday,24/06/2026;21:25:07,0
3cfaa24a-a43b-43b1-b893-5c849aeca8b1,ImNycleo,24/06/2026;21:28:13,0
bf58b239-1ea0-4a10-a57c-a57d2d7faa30,vivianholiday,0,24/06/2026;21:28:54
3cfaa24a-a43b-43b1-b893-5c849aeca8b1,ImNycleo,0,24/06/2026;21:28:56
3cfaa24a-a43b-43b1-b893-5c849aeca8b1,ImNycleo,24/06/2026;21:29:40,0
bf58b239-1ea0-4a10-a57c-a57d2d7faa30,vivianholiday,24/06/2026;21:30:26,0
bf58b239-1ea0-4a10-a57c-a57d2d7faa30,vivianholiday,0,24/06/2026;21:31:26
bf58b239-1ea0-4a10-a57c-a57d2d7faa30,vivianholiday,24/06/2026;21:31:35,0
bf58b239-1ea0-4a10-a57c-a57d2d7faa30,vivianholiday,0,24/06/2026;21:32:35
bf58b239-1ea0-4a10-a57c-a57d2d7faa30,vivianholiday,24/06/2026;21:32:44,0
bf58b239-1ea0-4a10-a57c-a57d2d7faa30,vivianholiday,0,24/06/2026;21:33:44
bf58b239-1ea0-4a10-a57c-a57d2d7faa30,vivianholiday,24/06/2026;21:33:54,0
bf58b239-1ea0-4a10-a57c-a57d2d7faa30,vivianholiday,0,24/06/2026;21:34:54
bf58b239-1ea0-4a10-a57c-a57d2d7faa30,vivianholiday,24/06/2026;21:35:33,0
bf58b239-1ea0-4a10-a57c-a57d2d7faa30,vivianholiday,0,24/06/2026;21:36:33
bf58b239-1ea0-4a10-a57c-a57d2d7faa30,vivianholiday,24/06/2026;21:36:52,0
bf58b239-1ea0-4a10-a57c-a57d2d7faa30,vivianholiday,0,24/06/2026;21:37:52
bf58b239-1ea0-4a10-a57c-a57d2d7faa30,vivianholiday,24/06/2026;21:39:35,0
3cfaa24a-a43b-43b1-b893-5c849aeca8b1,ImNycleo,0,24/06/2026;21:57:20
0fc8752c-cafa-4570-a173-3dfa24336c11,KindaNiki,0,24/06/2026;22:06:17
e84ee678-1a9b-4517-a6ff-4c6199f1b782,Chittochi,0,24/06/2026;22:07:53
e84ee678-1a9b-4517-a6ff-4c6199f1b782,Chittochi,24/06/2026;22:08:00,0
5f1716cf-1541-4485-bddc-c297ef66f5bd,_Hark,0,24/06/2026;22:08:03
7bec3e49-61c6-4a2e-9f16-719bffc434ec,MaximusPrimed,0,24/06/2026;22:11:50
39d1266b-6dc7-4c5b-8183-9fc49869c77e,D41sy_,0,24/06/2026;22:12:05
75f51159-85d3-42eb-9710-f6ec3ad348a0,SashKings,0,24/06/2026;22:25:46
bf58b239-1ea0-4a10-a57c-a57d2d7faa30,vivianholiday,0,24/06/2026;22:25:53
e84ee678-1a9b-4517-a6ff-4c6199f1b782,Chittochi,0,24/06/2026;22:38:47
0fc8752c-cafa-4570-a173-3dfa24336c11,KindaNiki,24/06/2026;22:44:41,0
0fc8752c-cafa-4570-a173-3dfa24336c11,KindaNiki,0,24/06/2026;22:44:50
ad4812dc-8cc7-4787-85fa-f93a59086356,catmousedog,24/06/2026;22:45:27,0
39d1266b-6dc7-4c5b-8183-9fc49869c77e,D41sy_,24/06/2026;22:46:05,0
39d1266b-6dc7-4c5b-8183-9fc49869c77e,D41sy_,0,24/06/2026;22:47:00
0fc8752c-cafa-4570-a173-3dfa24336c11,KindaNiki,24/06/2026;22:47:05,0
b705ccdd-dd40-455b-b092-22b2011a57bf,Skywalkered,24/06/2026;22:51:32,0
b705ccdd-dd40-455b-b092-22b2011a57bf,Skywalkered,0,24/06/2026;22:51:43
b705ccdd-dd40-455b-b092-22b2011a57bf,Skywalkered,24/06/2026;22:51:51,0
8e598f9b-ff76-405a-9368-3f0925163b6a,MoldyNeptune,24/06/2026;23:05:31,0
0fc8752c-cafa-4570-a173-3dfa24336c11,KindaNiki,0,24/06/2026;23:07:17
0fc8752c-cafa-4570-a173-3dfa24336c11,KindaNiki,24/06/2026;23:07:46,0
0fc8752c-cafa-4570-a173-3dfa24336c11,KindaNiki,0,24/06/2026;23:08:07
236a2c52-3e56-4f3f-a05a-5a884607454a,wamchii,24/06/2026;23:08:57,0
7c75b21e-8e65-4fef-8043-dbb0e7d21439,oneGhost_,24/06/2026;23:16:55,0
e84ee678-1a9b-4517-a6ff-4c6199f1b782,Chittochi,24/06/2026;23:24:05,0
8e598f9b-ff76-405a-9368-3f0925163b6a,MoldyNeptune,0,24/06/2026;23:36:58
e84ee678-1a9b-4517-a6ff-4c6199f1b782,Chittochi,0,24/06/2026;23:40:51
7bec3e49-61c6-4a2e-9f16-719bffc434ec,MaximusPrimed,24/06/2026;23:42:17,0
236a2c52-3e56-4f3f-a05a-5a884607454a,wamchii,0,24/06/2026;23:44:53
7c75b21e-8e65-4fef-8043-dbb0e7d21439,oneGhost_,0,25/06/2026;00:03:01
ad4812dc-8cc7-4787-85fa-f93a59086356,catmousedog,0,25/06/2026;00:05:14
b705ccdd-dd40-455b-b092-22b2011a57bf,Skywalkered,25/06/2026;00:09:26,0
7bec3e49-61c6-4a2e-9f16-719bffc434ec,MaximusPrimed,25/06/2026;00:09:28,0
78b5ea1a-991e-44ad-9989-d7d450134949,Xelon1312,25/06/2026;00:25:17,0
7bec3e49-61c6-4a2e-9f16-719bffc434ec,MaximusPrimed,0,25/06/2026;00:43:30
e84ee678-1a9b-4517-a6ff-4c6199f1b782,Chittochi,25/06/2026;01:23:09,0
e84ee678-1a9b-4517-a6ff-4c6199f1b782,Chittochi,0,25/06/2026;01:26:12
78b5ea1a-991e-44ad-9989-d7d450134949,Xelon1312,0,25/06/2026;01:50:39
b705ccdd-dd40-455b-b092-22b2011a57bf,Skywalkered,0,25/06/2026;01:53:08
ed44d55f-9f5b-42d5-8821-7499a9a558cf,DatGuYouKnow,25/06/2026;02:16:00,0
ed44d55f-9f5b-42d5-8821-7499a9a558cf,DatGuYouKnow,0,25/06/2026;02:16:30
ed44d55f-9f5b-42d5-8821-7499a9a558cf,DatGuYouKnow,25/06/2026;02:16:37,0
e84ee678-1a9b-4517-a6ff-4c6199f1b782,Chittochi,25/06/2026;02:36:41,0
7bec3e49-61c6-4a2e-9f16-719bffc434ec,MaximusPrimed,25/06/2026;02:38:45,0
7bec3e49-61c6-4a2e-9f16-719bffc434ec,MaximusPrimed,0,25/06/2026;02:46:43
e84ee678-1a9b-4517-a6ff-4c6199f1b782,Chittochi,0,25/06/2026;02:51:45
ed44d55f-9f5b-42d5-8821-7499a9a558cf,DatGuYouKnow,0,25/06/2026;02:52:53
e84ee678-1a9b-4517-a6ff-4c6199f1b782,Chittochi,25/06/2026;02:56:05,0
ed44d55f-9f5b-42d5-8821-7499a9a558cf,DatGuYouKnow,25/06/2026;02:57:45,0
ed44d55f-9f5b-42d5-8821-7499a9a558cf,DatGuYouKnow,0,25/06/2026;02:58:01
ed44d55f-9f5b-42d5-8821-7499a9a558cf,DatGuYouKnow,25/06/2026;02:58:07,0
ed44d55f-9f5b-42d5-8821-7499a9a558cf,DatGuYouKnow,0,25/06/2026;02:58:38
ed44d55f-9f5b-42d5-8821-7499a9a558cf,DatGuYouKnow,25/06/2026;02:58:44,0
e84ee678-1a9b-4517-a6ff-4c6199f1b782,Chittochi,0,25/06/2026;02:59:10
ed44d55f-9f5b-42d5-8821-7499a9a558cf,DatGuYouKnow,0,25/06/2026;02:59:14
ed44d55f-9f5b-42d5-8821-7499a9a558cf,DatGuYouKnow,25/06/2026;02:59:21,0
ed44d55f-9f5b-42d5-8821-7499a9a558cf,DatGuYouKnow,0,25/06/2026;02:59:33
ed44d55f-9f5b-42d5-8821-7499a9a558cf,DatGuYouKnow,25/06/2026;03:00:39,0
e84ee678-1a9b-4517-a6ff-4c6199f1b782,Chittochi,25/06/2026;03:02:04,0
e84ee678-1a9b-4517-a6ff-4c6199f1b782,Chittochi,0,25/06/2026;03:03:16
c81acfdd-7406-4b3e-964c-d93556cf9559,starz3237,25/06/2026;03:08:29,0
c81acfdd-7406-4b3e-964c-d93556cf9559,starz3237,0,25/06/2026;03:08:51
ed44d55f-9f5b-42d5-8821-7499a9a558cf,DatGuYouKnow,0,25/06/2026;04:25:26
c81acfdd-7406-4b3e-964c-d93556cf9559,starz3237,25/06/2026;04:36:30,0
c81acfdd-7406-4b3e-964c-d93556cf9559,starz3237,0,25/06/2026;04:36:34
c81acfdd-7406-4b3e-964c-d93556cf9559,starz3237,25/06/2026;04:36:42,0
c81acfdd-7406-4b3e-964c-d93556cf9559,starz3237,0,25/06/2026;04:38:24
c81acfdd-7406-4b3e-964c-d93556cf9559,starz3237,25/06/2026;04:38:32,0
c81acfdd-7406-4b3e-964c-d93556cf9559,starz3237,0,25/06/2026;04:41:31
c81acfdd-7406-4b3e-964c-d93556cf9559,starz3237,25/06/2026;04:42:53,0
c81acfdd-7406-4b3e-964c-d93556cf9559,starz3237,0,25/06/2026;04:45:13
c81acfdd-7406-4b3e-964c-d93556cf9559,starz3237,25/06/2026;04:45:51,0
c81acfdd-7406-4b3e-964c-d93556cf9559,starz3237,0,25/06/2026;04:47:39
e84ee678-1a9b-4517-a6ff-4c6199f1b782,Chittochi,25/06/2026;05:49:44,0
e84ee678-1a9b-4517-a6ff-4c6199f1b782,Chittochi,0,25/06/2026;05:52:56
bf58b239-1ea0-4a10-a57c-a57d2d7faa30,vivianholiday,25/06/2026;06:08:09,0
bf58b239-1ea0-4a10-a57c-a57d2d7faa30,vivianholiday,0,25/06/2026;06:08:54
bf58b239-1ea0-4a10-a57c-a57d2d7faa30,vivianholiday,25/06/2026;06:12:51,0
ac435971-bfb7-4f5e-a9ea-32335a2acee2,Riotte,25/06/2026;06:43:23,0
c81acfdd-7406-4b3e-964c-d93556cf9559,starz3237,25/06/2026;07:00:44,0
bf58b239-1ea0-4a10-a57c-a57d2d7faa30,vivianholiday,0,25/06/2026;07:09:38
bf58b239-1ea0-4a10-a57c-a57d2d7faa30,vivianholiday,25/06/2026;07:09:48,0
bf58b239-1ea0-4a10-a57c-a57d2d7faa30,vivianholiday,0,25/06/2026;07:10:13
bf58b239-1ea0-4a10-a57c-a57d2d7faa30,vivianholiday,25/06/2026;07:10:27,0
bf58b239-1ea0-4a10-a57c-a57d2d7faa30,vivianholiday,0,25/06/2026;07:14:34
bf58b239-1ea0-4a10-a57c-a57d2d7faa30,vivianholiday,25/06/2026;07:16:14,0
bf58b239-1ea0-4a10-a57c-a57d2d7faa30,vivianholiday,0,25/06/2026;07:19:47
afb8452f-c87a-491f-9913-33c15032055e,iamstormbound,25/06/2026;07:29:47,0
afb8452f-c87a-491f-9913-33c15032055e,iamstormbound,0,25/06/2026;07:39:01
0fc8752c-cafa-4570-a173-3dfa24336c11,KindaNiki,25/06/2026;08:07:21,0
0fc8752c-cafa-4570-a173-3dfa24336c11,KindaNiki,0,25/06/2026;08:08:48
0fc8752c-cafa-4570-a173-3dfa24336c11,KindaNiki,25/06/2026;08:09:30,0
c81acfdd-7406-4b3e-964c-d93556cf9559,starz3237,0,25/06/2026;08:21:05
c81acfdd-7406-4b3e-964c-d93556cf9559,starz3237,25/06/2026;08:21:46,0
c81acfdd-7406-4b3e-964c-d93556cf9559,starz3237,0,25/06/2026;08:50:33
c81acfdd-7406-4b3e-964c-d93556cf9559,starz3237,25/06/2026;08:52:00,0
c81acfdd-7406-4b3e-964c-d93556cf9559,starz3237,0,25/06/2026;08:53:36
c81acfdd-7406-4b3e-964c-d93556cf9559,starz3237,25/06/2026;08:54:31,0
0fc8752c-cafa-4570-a173-3dfa24336c11,KindaNiki,0,25/06/2026;09:00:20
0fc8752c-cafa-4570-a173-3dfa24336c11,KindaNiki,25/06/2026;09:01:23,0
5f1716cf-1541-4485-bddc-c297ef66f5bd,_Hark,25/06/2026;09:29:20,0
0fc8752c-cafa-4570-a173-3dfa24336c11,KindaNiki,0,25/06/2026;09:32:34
0fc8752c-cafa-4570-a173-3dfa24336c11,KindaNiki,25/06/2026;09:34:44,0
0fc8752c-cafa-4570-a173-3dfa24336c11,KindaNiki,0,25/06/2026;09:36:41
0fc8752c-cafa-4570-a173-3dfa24336c11,KindaNiki,25/06/2026;09:37:33,0
39d1266b-6dc7-4c5b-8183-9fc49869c77e,D41sy_,25/06/2026;10:35:36,0
39d1266b-6dc7-4c5b-8183-9fc49869c77e,D41sy_,0,25/06/2026;10:39:57
c81acfdd-7406-4b3e-964c-d93556cf9559,starz3237,0,25/06/2026;10:40:16
c81acfdd-7406-4b3e-964c-d93556cf9559,starz3237,25/06/2026;10:40:26,0
0fc8752c-cafa-4570-a173-3dfa24336c11,KindaNiki,0,25/06/2026;11:00:22
0fc8752c-cafa-4570-a173-3dfa24336c11,KindaNiki,25/06/2026;11:01:24,0
ce0f19fe-7851-47d2-9f40-32f4c8e0e924,0NightSword,25/06/2026;11:02:50,0
0fc8752c-cafa-4570-a173-3dfa24336c11,KindaNiki,0,25/06/2026;11:12:32
ac435971-bfb7-4f5e-a9ea-32335a2acee2,Riotte,0,25/06/2026;11:22:01
ac435971-bfb7-4f5e-a9ea-32335a2acee2,Riotte,25/06/2026;11:38:37,0
5f1716cf-1541-4485-bddc-c297ef66f5bd,_Hark,0,25/06/2026;11:42:31
c81acfdd-7406-4b3e-964c-d93556cf9559,starz3237,0,25/06/2026;11:43:17
75f51159-85d3-42eb-9710-f6ec3ad348a0,SashKings,25/06/2026;11:53:37,0
ce0f19fe-7851-47d2-9f40-32f4c8e0e924,0NightSword,0,25/06/2026;11:58:56
ce0f19fe-7851-47d2-9f40-32f4c8e0e924,0NightSword,25/06/2026;12:00:09,0
0fc8752c-cafa-4570-a173-3dfa24336c11,KindaNiki,25/06/2026;12:04:06,0
f79dd909-767b-4881-808f-79405f167858,ArgonOil39,25/06/2026;12:07:09,0
f79dd909-767b-4881-808f-79405f167858,ArgonOil39,0,25/06/2026;12:07:52
ad4812dc-8cc7-4787-85fa-f93a59086356,catmousedog,25/06/2026;12:36:14,0
ce0f19fe-7851-47d2-9f40-32f4c8e0e924,0NightSword,0,25/06/2026;12:55:24
5f1716cf-1541-4485-bddc-c297ef66f5bd,_Hark,25/06/2026;13:22:32,0
5f1716cf-1541-4485-bddc-c297ef66f5bd,_Hark,0,25/06/2026;13:23:32
5f1716cf-1541-4485-bddc-c297ef66f5bd,_Hark,25/06/2026;13:23:58,0
5f1716cf-1541-4485-bddc-c297ef66f5bd,_Hark,0,25/06/2026;13:24:58
5f1716cf-1541-4485-bddc-c297ef66f5bd,_Hark,25/06/2026;13:26:20,0
ad4812dc-8cc7-4787-85fa-f93a59086356,catmousedog,0,25/06/2026;13:29:31
0fc8752c-cafa-4570-a173-3dfa24336c11,KindaNiki,0,25/06/2026;13:35:45
ad4812dc-8cc7-4787-85fa-f93a59086356,catmousedog,25/06/2026;13:52:25,0
dd81ac6f-8caa-4c05-992b-41c465ff2f63,AFamiliarity,25/06/2026;13:54:16,0
dd81ac6f-8caa-4c05-992b-41c465ff2f63,AFamiliarity,0,25/06/2026;13:54:46
dd81ac6f-8caa-4c05-992b-41c465ff2f63,AFamiliarity,25/06/2026;13:54:53,0
dd81ac6f-8caa-4c05-992b-41c465ff2f63,AFamiliarity,0,25/06/2026;13:55:23
dd81ac6f-8caa-4c05-992b-41c465ff2f63,AFamiliarity,25/06/2026;13:55:39,0
dd81ac6f-8caa-4c05-992b-41c465ff2f63,AFamiliarity,0,25/06/2026;13:56:09
dd81ac6f-8caa-4c05-992b-41c465ff2f63,AFamiliarity,25/06/2026;13:56:13,0
dd81ac6f-8caa-4c05-992b-41c465ff2f63,AFamiliarity,0,25/06/2026;13:56:43
dd81ac6f-8caa-4c05-992b-41c465ff2f63,AFamiliarity,25/06/2026;13:57:26,0
0fc8752c-cafa-4570-a173-3dfa24336c11,KindaNiki,25/06/2026;14:00:38,0
ad4812dc-8cc7-4787-85fa-f93a59086356,catmousedog,0,25/06/2026;14:44:39
b705ccdd-dd40-455b-b092-22b2011a57bf,Skywalkered,25/06/2026;14:55:03,0
39d1266b-6dc7-4c5b-8183-9fc49869c77e,D41sy_,25/06/2026;14:55:04,0
5f1716cf-1541-4485-bddc-c297ef66f5bd,_Hark,0,25/06/2026;14:58:52
4f0bb989-983d-4c0c-bf94-4cfa784dca60,Geebly,25/06/2026;14:59:49,0
ce0f19fe-7851-47d2-9f40-32f4c8e0e924,0NightSword,25/06/2026;15:05:46,0
5f1716cf-1541-4485-bddc-c297ef66f5bd,_Hark,25/06/2026;15:09:36,0
4f0bb989-983d-4c0c-bf94-4cfa784dca60,Geebly,0,25/06/2026;15:11:19
ee756bad-ba76-417e-8c7b-8e659e07d308,Aveign,25/06/2026;15:11:50,0
dc5002ff-88e8-49b5-917b-c8a8e27382e5,_Kxks,25/06/2026;15:18:38,0
dc5002ff-88e8-49b5-917b-c8a8e27382e5,_Kxks,0,25/06/2026;15:19:13
dc5002ff-88e8-49b5-917b-c8a8e27382e5,_Kxks,25/06/2026;15:19:17,0
dc5002ff-88e8-49b5-917b-c8a8e27382e5,_Kxks,0,25/06/2026;15:23:37
75f51159-85d3-42eb-9710-f6ec3ad348a0,SashKings,0,25/06/2026;15:26:42
ce0f19fe-7851-47d2-9f40-32f4c8e0e924,0NightSword,0,25/06/2026;15:44:48
ce0f19fe-7851-47d2-9f40-32f4c8e0e924,0NightSword,25/06/2026;15:46:03,0
0fc8752c-cafa-4570-a173-3dfa24336c11,KindaNiki,0,25/06/2026;15:49:36
ac435971-bfb7-4f5e-a9ea-32335a2acee2,Riotte,0,25/06/2026;15:51:31
dd81ac6f-8caa-4c05-992b-41c465ff2f63,AFamiliarity,0,25/06/2026;15:54:13
0fc8752c-cafa-4570-a173-3dfa24336c11,KindaNiki,25/06/2026;15:56:26,0
0fc8752c-cafa-4570-a173-3dfa24336c11,KindaNiki,0,25/06/2026;15:57:33
39d1266b-6dc7-4c5b-8183-9fc49869c77e,D41sy_,0,25/06/2026;16:00:24
236a2c52-3e56-4f3f-a05a-5a884607454a,wamchii,25/06/2026;16:25:21,0
ee756bad-ba76-417e-8c7b-8e659e07d308,Aveign,0,25/06/2026;16:36:35
b705ccdd-dd40-455b-b092-22b2011a57bf,Skywalkered,0,25/06/2026;16:38:03
b705ccdd-dd40-455b-b092-22b2011a57bf,Skywalkered,25/06/2026;16:38:06,0
ce0f19fe-7851-47d2-9f40-32f4c8e0e924,0NightSword,0,25/06/2026;16:39:16
ee756bad-ba76-417e-8c7b-8e659e07d308,Aveign,25/06/2026;16:39:30,0
236a2c52-3e56-4f3f-a05a-5a884607454a,wamchii,0,25/06/2026;16:40:25
236a2c52-3e56-4f3f-a05a-5a884607454a,wamchii,25/06/2026;16:41:05,0
4f0bb989-983d-4c0c-bf94-4cfa784dca60,Geebly,25/06/2026;16:41:07,0
5f1716cf-1541-4485-bddc-c297ef66f5bd,_Hark,0,25/06/2026;16:42:52
ee756bad-ba76-417e-8c7b-8e659e07d308,Aveign,0,25/06/2026;16:46:17
236a2c52-3e56-4f3f-a05a-5a884607454a,wamchii,0,25/06/2026;16:47:03
39d1266b-6dc7-4c5b-8183-9fc49869c77e,D41sy_,25/06/2026;16:51:28,0
39d1266b-6dc7-4c5b-8183-9fc49869c77e,D41sy_,0,25/06/2026;16:52:04
f79dd909-767b-4881-808f-79405f167858,ArgonOil39,25/06/2026;16:53:10,0
f79dd909-767b-4881-808f-79405f167858,ArgonOil39,0,25/06/2026;16:54:10
f79dd909-767b-4881-808f-79405f167858,ArgonOil39,25/06/2026;16:54:20,0
f79dd909-767b-4881-808f-79405f167858,ArgonOil39,0,25/06/2026;16:55:15
f79dd909-767b-4881-808f-79405f167858,ArgonOil39,25/06/2026;16:56:48,0
78b5ea1a-991e-44ad-9989-d7d450134949,Xelon1312,25/06/2026;16:58:56,0
78b5ea1a-991e-44ad-9989-d7d450134949,Xelon1312,0,25/06/2026;17:02:13
b705ccdd-dd40-455b-b092-22b2011a57bf,Skywalkered,0,25/06/2026;17:08:04
78b5ea1a-991e-44ad-9989-d7d450134949,Xelon1312,25/06/2026;17:19:15,0
f79dd909-767b-4881-808f-79405f167858,ArgonOil39,0,25/06/2026;17:27:05
f79dd909-767b-4881-808f-79405f167858,ArgonOil39,25/06/2026;17:31:40,0
78b5ea1a-991e-44ad-9989-d7d450134949,Xelon1312,0,25/06/2026;17:35:02
5f1716cf-1541-4485-bddc-c297ef66f5bd,_Hark,25/06/2026;17:40:46,0
f79dd909-767b-4881-808f-79405f167858,ArgonOil39,0,25/06/2026;17:56:49
8e598f9b-ff76-405a-9368-3f0925163b6a,MoldyNeptune,25/06/2026;18:03:09,0
b705ccdd-dd40-455b-b092-22b2011a57bf,Skywalkered,25/06/2026;18:09:51,0
b705ccdd-dd40-455b-b092-22b2011a57bf,Skywalkered,0,25/06/2026;18:11:05
b705ccdd-dd40-455b-b092-22b2011a57bf,Skywalkered,25/06/2026;18:11:37,0
236a2c52-3e56-4f3f-a05a-5a884607454a,wamchii,25/06/2026;18:25:04,0
236a2c52-3e56-4f3f-a05a-5a884607454a,wamchii,0,25/06/2026;18:29:13
ee756bad-ba76-417e-8c7b-8e659e07d308,Aveign,25/06/2026;18:30:48,0
236a2c52-3e56-4f3f-a05a-5a884607454a,wamchii,25/06/2026;18:31:45,0
dc5002ff-88e8-49b5-917b-c8a8e27382e5,_Kxks,25/06/2026;18:32:51,0
dc5002ff-88e8-49b5-917b-c8a8e27382e5,_Kxks,0,25/06/2026;18:34:14
dc5002ff-88e8-49b5-917b-c8a8e27382e5,_Kxks,25/06/2026;18:35:29,0
3cfaa24a-a43b-43b1-b893-5c849aeca8b1,ImNycleo,25/06/2026;18:41:15,0
0fc8752c-cafa-4570-a173-3dfa24336c11,KindaNiki,25/06/2026;18:47:14,0
ad4812dc-8cc7-4787-85fa-f93a59086356,catmousedog,25/06/2026;18:49:39,0
c3ba8c8a-c00f-450a-87d0-38e1f200430b,DogMouseCat,25/06/2026;18:50:23,0
c3ba8c8a-c00f-450a-87d0-38e1f200430b,DogMouseCat,0,25/06/2026;18:50:28
c3ba8c8a-c00f-450a-87d0-38e1f200430b,DogMouseCat,25/06/2026;18:51:02,0
c3ba8c8a-c00f-450a-87d0-38e1f200430b,DogMouseCat,0,25/06/2026;18:51:07
fc26159a-c1cd-467b-812b-0334495d3efd,ValeGrave,25/06/2026;19:04:01,0
4f0bb989-983d-4c0c-bf94-4cfa784dca60,Geebly,0,25/06/2026;19:08:33
4f0bb989-983d-4c0c-bf94-4cfa784dca60,Geebly,25/06/2026;19:08:58,0
236a2c52-3e56-4f3f-a05a-5a884607454a,wamchii,0,25/06/2026;19:13:03
fc26159a-c1cd-467b-812b-0334495d3efd,ValeGrave,0,25/06/2026;19:14:59
4f0bb989-983d-4c0c-bf94-4cfa784dca60,Geebly,0,25/06/2026;19:15:07
4f0bb989-983d-4c0c-bf94-4cfa784dca60,Geebly,25/06/2026;19:15:45,0
ad4812dc-8cc7-4787-85fa-f93a59086356,catmousedog,0,25/06/2026;19:22:55
ad4812dc-8cc7-4787-85fa-f93a59086356,catmousedog,25/06/2026;19:24:19,0
ad4812dc-8cc7-4787-85fa-f93a59086356,catmousedog,0,25/06/2026;19:40:09
ad4812dc-8cc7-4787-85fa-f93a59086356,catmousedog,25/06/2026;19:40:14,0
ad4812dc-8cc7-4787-85fa-f93a59086356,catmousedog,0,25/06/2026;19:53:12
236a2c52-3e56-4f3f-a05a-5a884607454a,wamchii,25/06/2026;19:53:27,0
75f51159-85d3-42eb-9710-f6ec3ad348a0,SashKings,25/06/2026;19:57:46,0
dc5002ff-88e8-49b5-917b-c8a8e27382e5,_Kxks,0,25/06/2026;19:59:22
0fc8752c-cafa-4570-a173-3dfa24336c11,KindaNiki,0,25/06/2026;20:01:20
4f0bb989-983d-4c0c-bf94-4cfa784dca60,Geebly,0,25/06/2026;20:02:34
0fc8752c-cafa-4570-a173-3dfa24336c11,KindaNiki,25/06/2026;20:03:24,0
ee756bad-ba76-417e-8c7b-8e659e07d308,Aveign,0,25/06/2026;20:13:56
e84ee678-1a9b-4517-a6ff-4c6199f1b782,Chittochi,25/06/2026;20:22:25,0
e84ee678-1a9b-4517-a6ff-4c6199f1b782,Chittochi,0,25/06/2026;20:22:32
e84ee678-1a9b-4517-a6ff-4c6199f1b782,Chittochi,25/06/2026;20:22:45,0
bf58b239-1ea0-4a10-a57c-a57d2d7faa30,vivianholiday,25/06/2026;20:25:40,0
bf58b239-1ea0-4a10-a57c-a57d2d7faa30,vivianholiday,0,25/06/2026;20:26:56
bf58b239-1ea0-4a10-a57c-a57d2d7faa30,vivianholiday,25/06/2026;20:27:06,0
bf58b239-1ea0-4a10-a57c-a57d2d7faa30,vivianholiday,0,25/06/2026;20:28:06
0fc8752c-cafa-4570-a173-3dfa24336c11,KindaNiki,0,25/06/2026;20:35:31
bf58b239-1ea0-4a10-a57c-a57d2d7faa30,vivianholiday,25/06/2026;20:36:01,0
c81acfdd-7406-4b3e-964c-d93556cf9559,starz3237,25/06/2026;20:37:38,0
f79dd909-767b-4881-808f-79405f167858,ArgonOil39,25/06/2026;20:38:08,0
f79dd909-767b-4881-808f-79405f167858,ArgonOil39,0,25/06/2026;20:39:50
0fc8752c-cafa-4570-a173-3dfa24336c11,KindaNiki,25/06/2026;20:40:44,0
c81acfdd-7406-4b3e-964c-d93556cf9559,starz3237,0,25/06/2026;20:41:18
c81acfdd-7406-4b3e-964c-d93556cf9559,starz3237,25/06/2026;20:41:27,0
c81acfdd-7406-4b3e-964c-d93556cf9559,starz3237,0,25/06/2026;20:42:12
39d1266b-6dc7-4c5b-8183-9fc49869c77e,D41sy_,25/06/2026;20:42:49,0
c81acfdd-7406-4b3e-964c-d93556cf9559,starz3237,25/06/2026;20:43:05,0
c81acfdd-7406-4b3e-964c-d93556cf9559,starz3237,0,25/06/2026;20:43:35
c81acfdd-7406-4b3e-964c-d93556cf9559,starz3237,25/06/2026;20:43:53,0
c81acfdd-7406-4b3e-964c-d93556cf9559,starz3237,0,25/06/2026;20:44:25
c81acfdd-7406-4b3e-964c-d93556cf9559,starz3237,25/06/2026;20:44:53,0
c81acfdd-7406-4b3e-964c-d93556cf9559,starz3237,0,25/06/2026;20:45:51
c81acfdd-7406-4b3e-964c-d93556cf9559,starz3237,25/06/2026;20:47:12,0
c81acfdd-7406-4b3e-964c-d93556cf9559,starz3237,0,25/06/2026;20:47:51
c81acfdd-7406-4b3e-964c-d93556cf9559,starz3237,25/06/2026;20:48:53,0
0fc8752c-cafa-4570-a173-3dfa24336c11,KindaNiki,0,25/06/2026;20:54:12
236a2c52-3e56-4f3f-a05a-5a884607454a,wamchii,0,25/06/2026;20:56:31
0fc8752c-cafa-4570-a173-3dfa24336c11,KindaNiki,25/06/2026;21:01:06,0
236a2c52-3e56-4f3f-a05a-5a884607454a,wamchii,25/06/2026;21:03:17,0
e84ee678-1a9b-4517-a6ff-4c6199f1b782,Chittochi,0,25/06/2026;21:07:34
0fc8752c-cafa-4570-a173-3dfa24336c11,KindaNiki,0,25/06/2026;21:16:22
0fc8752c-cafa-4570-a173-3dfa24336c11,KindaNiki,25/06/2026;21:17:58,0
ad4812dc-8cc7-4787-85fa-f93a59086356,catmousedog,25/06/2026;21:18:26,0
0fc8752c-cafa-4570-a173-3dfa24336c11,KindaNiki,0,25/06/2026;21:20:11
0fc8752c-cafa-4570-a173-3dfa24336c11,KindaNiki,25/06/2026;21:20:18,0
0fc8752c-cafa-4570-a173-3dfa24336c11,KindaNiki,0,25/06/2026;21:21:18
0fc8752c-cafa-4570-a173-3dfa24336c11,KindaNiki,25/06/2026;21:22:04,0
0fc8752c-cafa-4570-a173-3dfa24336c11,KindaNiki,0,25/06/2026;21:23:26
236a2c52-3e56-4f3f-a05a-5a884607454a,wamchii,0,25/06/2026;21:23:35
0fc8752c-cafa-4570-a173-3dfa24336c11,KindaNiki,25/06/2026;21:23:43,0
ad4812dc-8cc7-4787-85fa-f93a59086356,catmousedog,0,25/06/2026;21:27:47
8e598f9b-ff76-405a-9368-3f0925163b6a,MoldyNeptune,0,25/06/2026;21:32:55
75f51159-85d3-42eb-9710-f6ec3ad348a0,SashKings,0,25/06/2026;21:34:00
b705ccdd-dd40-455b-b092-22b2011a57bf,Skywalkered,0,25/06/2026;21:38:54
c81acfdd-7406-4b3e-964c-d93556cf9559,starz3237,0,25/06/2026;21:43:04
3cfaa24a-a43b-43b1-b893-5c849aeca8b1,ImNycleo,0,25/06/2026;21:51:28
bf58b239-1ea0-4a10-a57c-a57d2d7faa30,vivianholiday,0,25/06/2026;21:58:10
0fc8752c-cafa-4570-a173-3dfa24336c11,KindaNiki,0,25/06/2026;22:00:21
86284d51-d216-4041-b3b3-a8f751ea05b3,maloyaroslavets,25/06/2026;22:02:23,0
f79dd909-767b-4881-808f-79405f167858,ArgonOil39,25/06/2026;22:08:58,0
78b5ea1a-991e-44ad-9989-d7d450134949,Xelon1312,25/06/2026;22:09:43,0
c081e423-8f22-47de-81f8-be3654829f88,AFlamingPhoenix,25/06/2026;22:09:58,0
78b5ea1a-991e-44ad-9989-d7d450134949,Xelon1312,0,25/06/2026;22:22:24
5f1716cf-1541-4485-bddc-c297ef66f5bd,_Hark,0,25/06/2026;22:49:53
5f1716cf-1541-4485-bddc-c297ef66f5bd,_Hark,25/06/2026;22:51:01,0
5f1716cf-1541-4485-bddc-c297ef66f5bd,_Hark,0,25/06/2026;22:51:09
5f1716cf-1541-4485-bddc-c297ef66f5bd,_Hark,25/06/2026;22:51:37,0
5f1716cf-1541-4485-bddc-c297ef66f5bd,_Hark,0,25/06/2026;22:51:41
39d1266b-6dc7-4c5b-8183-9fc49869c77e,D41sy_,0,25/06/2026;23:08:37
86284d51-d216-4041-b3b3-a8f751ea05b3,maloyaroslavets,0,25/06/2026;23:16:58
86284d51-d216-4041-b3b3-a8f751ea05b3,maloyaroslavets,25/06/2026;23:27:59,0
78b5ea1a-991e-44ad-9989-d7d450134949,Xelon1312,25/06/2026;23:28:48,0
78b5ea1a-991e-44ad-9989-d7d450134949,Xelon1312,0,25/06/2026;23:41:42
c81acfdd-7406-4b3e-964c-d93556cf9559,starz3237,25/06/2026;23:52:27,0
c81acfdd-7406-4b3e-964c-d93556cf9559,starz3237,0,25/06/2026;23:53:18
c81acfdd-7406-4b3e-964c-d93556cf9559,starz3237,25/06/2026;23:53:27,0
c81acfdd-7406-4b3e-964c-d93556cf9559,starz3237,0,25/06/2026;23:54:21
c81acfdd-7406-4b3e-964c-d93556cf9559,starz3237,25/06/2026;23:54:48,0
c81acfdd-7406-4b3e-964c-d93556cf9559,starz3237,0,25/06/2026;23:57:05
c81acfdd-7406-4b3e-964c-d93556cf9559,starz3237,25/06/2026;23:57:06,0
c81acfdd-7406-4b3e-964c-d93556cf9559,starz3237,0,25/06/2026;23:58:07
c81acfdd-7406-4b3e-964c-d93556cf9559,starz3237,25/06/2026;23:59:17,0
f79dd909-767b-4881-808f-79405f167858,ArgonOil39,0,25/06/2026;23:59:53
c081e423-8f22-47de-81f8-be3654829f88,AFlamingPhoenix,0,25/06/2026;23:59:55
c81acfdd-7406-4b3e-964c-d93556cf9559,starz3237,0,26/06/2026;00:00:17
86284d51-d216-4041-b3b3-a8f751ea05b3,maloyaroslavets,0,26/06/2026;00:08:05
86284d51-d216-4041-b3b3-a8f751ea05b3,maloyaroslavets,26/06/2026;00:09:40,0
c81acfdd-7406-4b3e-964c-d93556cf9559,starz3237,26/06/2026;00:35:16,0
c81acfdd-7406-4b3e-964c-d93556cf9559,starz3237,0,26/06/2026;00:37:31
c81acfdd-7406-4b3e-964c-d93556cf9559,starz3237,26/06/2026;00:38:08,0
c81acfdd-7406-4b3e-964c-d93556cf9559,starz3237,0,26/06/2026;00:38:39
c81acfdd-7406-4b3e-964c-d93556cf9559,starz3237,26/06/2026;00:38:46,0
c81acfdd-7406-4b3e-964c-d93556cf9559,starz3237,0,26/06/2026;00:39:24
c81acfdd-7406-4b3e-964c-d93556cf9559,starz3237,26/06/2026;00:39:30,0
c81acfdd-7406-4b3e-964c-d93556cf9559,starz3237,0,26/06/2026;00:39:56
c81acfdd-7406-4b3e-964c-d93556cf9559,starz3237,26/06/2026;00:40:41,0
c81acfdd-7406-4b3e-964c-d93556cf9559,starz3237,0,26/06/2026;01:48:56
c81acfdd-7406-4b3e-964c-d93556cf9559,starz3237,26/06/2026;01:49:04,0
8e598f9b-ff76-405a-9368-3f0925163b6a,MoldyNeptune,26/06/2026;01:51:19,0
e84ee678-1a9b-4517-a6ff-4c6199f1b782,Chittochi,26/06/2026;03:13:32,0
e84ee678-1a9b-4517-a6ff-4c6199f1b782,Chittochi,0,26/06/2026;03:14:01
e84ee678-1a9b-4517-a6ff-4c6199f1b782,Chittochi,26/06/2026;03:14:21,0
bf58b239-1ea0-4a10-a57c-a57d2d7faa30,vivianholiday,26/06/2026;03:16:18,0
bf58b239-1ea0-4a10-a57c-a57d2d7faa30,vivianholiday,0,26/06/2026;03:29:36
7bec3e49-61c6-4a2e-9f16-719bffc434ec,MaximusPrimed,26/06/2026;03:40:21,0
e84ee678-1a9b-4517-a6ff-4c6199f1b782,Chittochi,0,26/06/2026;03:41:58
c81acfdd-7406-4b3e-964c-d93556cf9559,starz3237,0,26/06/2026;04:00:57
c81acfdd-7406-4b3e-964c-d93556cf9559,starz3237,26/06/2026;04:01:40,0
e84ee678-1a9b-4517-a6ff-4c6199f1b782,Chittochi,26/06/2026;04:03:07,0
e84ee678-1a9b-4517-a6ff-4c6199f1b782,Chittochi,0,26/06/2026;04:11:49
7bec3e49-61c6-4a2e-9f16-719bffc434ec,MaximusPrimed,0,26/06/2026;04:27:09
7bec3e49-61c6-4a2e-9f16-719bffc434ec,MaximusPrimed,26/06/2026;05:03:54,0
7bec3e49-61c6-4a2e-9f16-719bffc434ec,MaximusPrimed,0,26/06/2026;05:19:40
c81acfdd-7406-4b3e-964c-d93556cf9559,starz3237,0,26/06/2026;06:01:25
c81acfdd-7406-4b3e-964c-d93556cf9559,starz3237,26/06/2026;06:01:27,0
bf58b239-1ea0-4a10-a57c-a57d2d7faa30,vivianholiday,26/06/2026;06:31:38,0
86284d51-d216-4041-b3b3-a8f751ea05b3,maloyaroslavets,0,26/06/2026;06:48:40
86284d51-d216-4041-b3b3-a8f751ea05b3,maloyaroslavets,26/06/2026;06:51:44,0
8e598f9b-ff76-405a-9368-3f0925163b6a,MoldyNeptune,0,26/06/2026;07:12:55
bf58b239-1ea0-4a10-a57c-a57d2d7faa30,vivianholiday,0,26/06/2026;07:41:50
0fc8752c-cafa-4570-a173-3dfa24336c11,KindaNiki,26/06/2026;08:20:01,0
0fc8752c-cafa-4570-a173-3dfa24336c11,KindaNiki,0,26/06/2026;08:20:12
0fc8752c-cafa-4570-a173-3dfa24336c11,KindaNiki,26/06/2026;08:20:29,0
0fc8752c-cafa-4570-a173-3dfa24336c11,KindaNiki,0,26/06/2026;08:21:57
0fc8752c-cafa-4570-a173-3dfa24336c11,KindaNiki,26/06/2026;08:22:15,0
4f0bb989-983d-4c0c-bf94-4cfa784dca60,Geebly,26/06/2026;08:25:46,0
4f0bb989-983d-4c0c-bf94-4cfa784dca60,Geebly,0,26/06/2026;08:35:58
ac435971-bfb7-4f5e-a9ea-32335a2acee2,Riotte,26/06/2026;08:55:40,0
c81acfdd-7406-4b3e-964c-d93556cf9559,starz3237,0,26/06/2026;09:20:02
c81acfdd-7406-4b3e-964c-d93556cf9559,starz3237,26/06/2026;09:20:03,0
86284d51-d216-4041-b3b3-a8f751ea05b3,maloyaroslavets,0,26/06/2026;09:47:29
39d1266b-6dc7-4c5b-8183-9fc49869c77e,D41sy_,26/06/2026;09:52:56,0
c81acfdd-7406-4b3e-964c-d93556cf9559,starz3237,0,26/06/2026;10:16:29
c81acfdd-7406-4b3e-964c-d93556cf9559,starz3237,26/06/2026;10:16:30,0
c81acfdd-7406-4b3e-964c-d93556cf9559,starz3237,0,26/06/2026;10:17:30
0fc8752c-cafa-4570-a173-3dfa24336c11,KindaNiki,0,26/06/2026;10:34:01
39d1266b-6dc7-4c5b-8183-9fc49869c77e,D41sy_,0,26/06/2026;10:39:03
ac435971-bfb7-4f5e-a9ea-32335a2acee2,Riotte,0,26/06/2026;11:05:22
ac435971-bfb7-4f5e-a9ea-32335a2acee2,Riotte,26/06/2026;11:05:34,0
ac435971-bfb7-4f5e-a9ea-32335a2acee2,Riotte,0,26/06/2026;11:08:38
39d1266b-6dc7-4c5b-8183-9fc49869c77e,D41sy_,26/06/2026;11:22:28,0
4f0bb989-983d-4c0c-bf94-4cfa784dca60,Geebly,26/06/2026;11:44:40,0
7c75b21e-8e65-4fef-8043-dbb0e7d21439,oneGhost_,26/06/2026;11:47:12,0
f79dd909-767b-4881-808f-79405f167858,ArgonOil39,26/06/2026;11:53:10,0
afb8452f-c87a-491f-9913-33c15032055e,iamstormbound,26/06/2026;11:54:05,0
f79dd909-767b-4881-808f-79405f167858,ArgonOil39,0,26/06/2026;12:47:18
4f0bb989-983d-4c0c-bf94-4cfa784dca60,Geebly,0,26/06/2026;13:04:30
39d1266b-6dc7-4c5b-8183-9fc49869c77e,D41sy_,0,26/06/2026;13:10:45
4f0bb989-983d-4c0c-bf94-4cfa784dca60,Geebly,26/06/2026;13:14:52,0
4f0bb989-983d-4c0c-bf94-4cfa784dca60,Geebly,0,26/06/2026;13:20:27
4f0bb989-983d-4c0c-bf94-4cfa784dca60,Geebly,26/06/2026;13:20:46,0
4f0bb989-983d-4c0c-bf94-4cfa784dca60,Geebly,0,26/06/2026;13:30:16
7c75b21e-8e65-4fef-8043-dbb0e7d21439,oneGhost_,0,26/06/2026;13:31:20
4f0bb989-983d-4c0c-bf94-4cfa784dca60,Geebly,26/06/2026;13:31:48,0
39d1266b-6dc7-4c5b-8183-9fc49869c77e,D41sy_,26/06/2026;13:41:08,0
afb8452f-c87a-491f-9913-33c15032055e,iamstormbound,0,26/06/2026;13:45:20
4f0bb989-983d-4c0c-bf94-4cfa784dca60,Geebly,0,26/06/2026;14:03:45
4f0bb989-983d-4c0c-bf94-4cfa784dca60,Geebly,26/06/2026;14:03:54,0
39d1266b-6dc7-4c5b-8183-9fc49869c77e,D41sy_,0,26/06/2026;14:06:30
75f51159-85d3-42eb-9710-f6ec3ad348a0,SashKings,26/06/2026;14:40:13,0
4f0bb989-983d-4c0c-bf94-4cfa784dca60,Geebly,0,26/06/2026;14:47:11
4f0bb989-983d-4c0c-bf94-4cfa784dca60,Geebly,26/06/2026;14:47:23,0
dd81ac6f-8caa-4c05-992b-41c465ff2f63,AFamiliarity,26/06/2026;15:04:16,0
dd81ac6f-8caa-4c05-992b-41c465ff2f63,AFamiliarity,0,26/06/2026;15:05:18
dd81ac6f-8caa-4c05-992b-41c465ff2f63,AFamiliarity,26/06/2026;15:05:27,0
dd81ac6f-8caa-4c05-992b-41c465ff2f63,AFamiliarity,0,26/06/2026;15:06:27
dd81ac6f-8caa-4c05-992b-41c465ff2f63,AFamiliarity,26/06/2026;15:06:37,0
dd81ac6f-8caa-4c05-992b-41c465ff2f63,AFamiliarity,0,26/06/2026;15:07:38
dd81ac6f-8caa-4c05-992b-41c465ff2f63,AFamiliarity,26/06/2026;15:07:52,0
dd81ac6f-8caa-4c05-992b-41c465ff2f63,AFamiliarity,0,26/06/2026;15:08:52
75f51159-85d3-42eb-9710-f6ec3ad348a0,SashKings,0,26/06/2026;15:13:05
b705ccdd-dd40-455b-b092-22b2011a57bf,Skywalkered,26/06/2026;15:13:57,0
ee756bad-ba76-417e-8c7b-8e659e07d308,Aveign,26/06/2026;15:28:29,0
75f51159-85d3-42eb-9710-f6ec3ad348a0,SashKings,26/06/2026;15:30:15,0
5f1716cf-1541-4485-bddc-c297ef66f5bd,_Hark,26/06/2026;15:31:32,0
4f0bb989-983d-4c0c-bf94-4cfa784dca60,Geebly,0,26/06/2026;15:36:13
ac435971-bfb7-4f5e-a9ea-32335a2acee2,Riotte,26/06/2026;15:42:02,0
5f1716cf-1541-4485-bddc-c297ef66f5bd,_Hark,0,26/06/2026;15:42:17
75f51159-85d3-42eb-9710-f6ec3ad348a0,SashKings,0,26/06/2026;15:48:07
dc5002ff-88e8-49b5-917b-c8a8e27382e5,_Kxks,26/06/2026;15:49:54,0
ce0f19fe-7851-47d2-9f40-32f4c8e0e924,0NightSword,26/06/2026;16:01:34,0
ce0f19fe-7851-47d2-9f40-32f4c8e0e924,0NightSword,0,26/06/2026;16:10:28
ce0f19fe-7851-47d2-9f40-32f4c8e0e924,0NightSword,26/06/2026;16:10:47,0
ce0f19fe-7851-47d2-9f40-32f4c8e0e924,0NightSword,0,26/06/2026;16:11:47
ce0f19fe-7851-47d2-9f40-32f4c8e0e924,0NightSword,26/06/2026;16:13:10,0
ce0f19fe-7851-47d2-9f40-32f4c8e0e924,0NightSword,0,26/06/2026;16:14:10
ce0f19fe-7851-47d2-9f40-32f4c8e0e924,0NightSword,26/06/2026;16:15:30,0
0fc8752c-cafa-4570-a173-3dfa24336c11,KindaNiki,26/06/2026;16:22:20,0
ee756bad-ba76-417e-8c7b-8e659e07d308,Aveign,0,26/06/2026;16:29:30
3cfaa24a-a43b-43b1-b893-5c849aeca8b1,ImNycleo,26/06/2026;16:31:47,0
dc5002ff-88e8-49b5-917b-c8a8e27382e5,_Kxks,0,26/06/2026;16:42:42
b705ccdd-dd40-455b-b092-22b2011a57bf,Skywalkered,0,26/06/2026;16:58:30
0fc8752c-cafa-4570-a173-3dfa24336c11,KindaNiki,0,26/06/2026;17:20:05
39d1266b-6dc7-4c5b-8183-9fc49869c77e,D41sy_,26/06/2026;17:25:40,0
121fee2c-33d8-478f-bb4b-1e96e963e297,PixelPioneer911,26/06/2026;17:58:15,0
f79dd909-767b-4881-808f-79405f167858,ArgonOil39,26/06/2026;18:10:26,0
4f0bb989-983d-4c0c-bf94-4cfa784dca60,Geebly,26/06/2026;18:14:39,0
121fee2c-33d8-478f-bb4b-1e96e963e297,PixelPioneer911,0,26/06/2026;18:29:05
ac435971-bfb7-4f5e-a9ea-32335a2acee2,Riotte,0,26/06/2026;18:49:08
ac435971-bfb7-4f5e-a9ea-32335a2acee2,Riotte,26/06/2026;18:49:19,0
4f0bb989-983d-4c0c-bf94-4cfa784dca60,Geebly,0,26/06/2026;18:53:42
4f0bb989-983d-4c0c-bf94-4cfa784dca60,Geebly,26/06/2026;18:53:56,0
4f0bb989-983d-4c0c-bf94-4cfa784dca60,Geebly,0,26/06/2026;19:00:37
4f0bb989-983d-4c0c-bf94-4cfa784dca60,Geebly,26/06/2026;19:01:12,0
ce0f19fe-7851-47d2-9f40-32f4c8e0e924,0NightSword,0,26/06/2026;19:15:50
4f0bb989-983d-4c0c-bf94-4cfa784dca60,Geebly,0,26/06/2026;19:24:43
0fc8752c-cafa-4570-a173-3dfa24336c11,KindaNiki,26/06/2026;19:32:15,0
ee756bad-ba76-417e-8c7b-8e659e07d308,Aveign,26/06/2026;19:58:22,0
ac435971-bfb7-4f5e-a9ea-32335a2acee2,Riotte,0,26/06/2026;20:00:11
ee756bad-ba76-417e-8c7b-8e659e07d308,Aveign,0,26/06/2026;20:16:50
f79dd909-767b-4881-808f-79405f167858,ArgonOil39,0,26/06/2026;20:17:26
f79dd909-767b-4881-808f-79405f167858,ArgonOil39,26/06/2026;20:17:30,0
dc5002ff-88e8-49b5-917b-c8a8e27382e5,_Kxks,26/06/2026;20:40:02,0
f79dd909-767b-4881-808f-79405f167858,ArgonOil39,0,26/06/2026;20:50:07
f79dd909-767b-4881-808f-79405f167858,ArgonOil39,26/06/2026;20:50:10,0
75f51159-85d3-42eb-9710-f6ec3ad348a0,SashKings,26/06/2026;21:04:37,0
0fc8752c-cafa-4570-a173-3dfa24336c11,KindaNiki,0,26/06/2026;21:15:49
0fc8752c-cafa-4570-a173-3dfa24336c11,KindaNiki,26/06/2026;21:16:03,0
0fc8752c-cafa-4570-a173-3dfa24336c11,KindaNiki,0,26/06/2026;21:16:04
f79dd909-767b-4881-808f-79405f167858,ArgonOil39,0,26/06/2026;21:20:57
f79dd909-767b-4881-808f-79405f167858,ArgonOil39,26/06/2026;21:21:03,0
f79dd909-767b-4881-808f-79405f167858,ArgonOil39,0,26/06/2026;21:22:03
f79dd909-767b-4881-808f-79405f167858,ArgonOil39,26/06/2026;21:22:06,0
4f0bb989-983d-4c0c-bf94-4cfa784dca60,Geebly,26/06/2026;21:26:03,0
dc5002ff-88e8-49b5-917b-c8a8e27382e5,_Kxks,0,26/06/2026;21:30:39
75f51159-85d3-42eb-9710-f6ec3ad348a0,SashKings,0,26/06/2026;21:30:54
75f51159-85d3-42eb-9710-f6ec3ad348a0,SashKings,26/06/2026;21:31:47,0
75f51159-85d3-42eb-9710-f6ec3ad348a0,SashKings,0,26/06/2026;21:34:17
75f51159-85d3-42eb-9710-f6ec3ad348a0,SashKings,26/06/2026;21:35:01,0
78b5ea1a-991e-44ad-9989-d7d450134949,Xelon1312,26/06/2026;21:39:00,0
4f0bb989-983d-4c0c-bf94-4cfa784dca60,Geebly,0,26/06/2026;21:52:11
39d1266b-6dc7-4c5b-8183-9fc49869c77e,D41sy_,0,26/06/2026;22:02:45
3cfaa24a-a43b-43b1-b893-5c849aeca8b1,ImNycleo,0,26/06/2026;22:05:42
75f51159-85d3-42eb-9710-f6ec3ad348a0,SashKings,0,26/06/2026;22:06:51
78b5ea1a-991e-44ad-9989-d7d450134949,Xelon1312,0,26/06/2026;22:21:29
f79dd909-767b-4881-808f-79405f167858,ArgonOil39,0,26/06/2026;22:21:31
86284d51-d216-4041-b3b3-a8f751ea05b3,maloyaroslavets,26/06/2026;22:36:35,0
86284d51-d216-4041-b3b3-a8f751ea05b3,maloyaroslavets,0,26/06/2026;22:51:31
b705ccdd-dd40-455b-b092-22b2011a57bf,Skywalkered,26/06/2026;23:15:59,0
b705ccdd-dd40-455b-b092-22b2011a57bf,Skywalkered,0,26/06/2026;23:16:06
c81acfdd-7406-4b3e-964c-d93556cf9559,starz3237,26/06/2026;23:22:38,0
c81acfdd-7406-4b3e-964c-d93556cf9559,starz3237,0,26/06/2026;23:23:44
78b5ea1a-991e-44ad-9989-d7d450134949,Xelon1312,27/06/2026;00:20:58,0
78b5ea1a-991e-44ad-9989-d7d450134949,Xelon1312,0,27/06/2026;00:26:22
86284d51-d216-4041-b3b3-a8f751ea05b3,maloyaroslavets,27/06/2026;00:49:28,0
b705ccdd-dd40-455b-b092-22b2011a57bf,Skywalkered,27/06/2026;00:54:30,0
86284d51-d216-4041-b3b3-a8f751ea05b3,maloyaroslavets,0,27/06/2026;01:18:26
b705ccdd-dd40-455b-b092-22b2011a57bf,Skywalkered,0,27/06/2026;01:19:04
bf58b239-1ea0-4a10-a57c-a57d2d7faa30,vivianholiday,27/06/2026;02:47:44,0
bf58b239-1ea0-4a10-a57c-a57d2d7faa30,vivianholiday,0,27/06/2026;02:49:05
bf58b239-1ea0-4a10-a57c-a57d2d7faa30,vivianholiday,27/06/2026;02:55:06,0
c81acfdd-7406-4b3e-964c-d93556cf9559,starz3237,27/06/2026;02:57:14,0
86284d51-d216-4041-b3b3-a8f751ea05b3,maloyaroslavets,27/06/2026;03:06:08,0
ee756bad-ba76-417e-8c7b-8e659e07d308,Aveign,27/06/2026;03:13:45,0
bf58b239-1ea0-4a10-a57c-a57d2d7faa30,vivianholiday,0,27/06/2026;03:14:44
ee756bad-ba76-417e-8c7b-8e659e07d308,Aveign,0,27/06/2026;03:15:44
c81acfdd-7406-4b3e-964c-d93556cf9559,starz3237,0,27/06/2026;03:17:21
86284d51-d216-4041-b3b3-a8f751ea05b3,maloyaroslavets,0,27/06/2026;03:19:10
86284d51-d216-4041-b3b3-a8f751ea05b3,maloyaroslavets,27/06/2026;03:36:09,0
86284d51-d216-4041-b3b3-a8f751ea05b3,maloyaroslavets,0,27/06/2026;03:37:46
8e598f9b-ff76-405a-9368-3f0925163b6a,MoldyNeptune,27/06/2026;06:22:18,0
8e598f9b-ff76-405a-9368-3f0925163b6a,MoldyNeptune,0,27/06/2026;06:54:50
ac435971-bfb7-4f5e-a9ea-32335a2acee2,Riotte,27/06/2026;08:13:20,0
afb8452f-c87a-491f-9913-33c15032055e,iamstormbound,27/06/2026;08:56:07,0
c81acfdd-7406-4b3e-964c-d93556cf9559,starz3237,27/06/2026;09:23:33,0
c81acfdd-7406-4b3e-964c-d93556cf9559,starz3237,0,27/06/2026;09:26:48
236a2c52-3e56-4f3f-a05a-5a884607454a,wamchii,27/06/2026;09:31:13,0
afb8452f-c87a-491f-9913-33c15032055e,iamstormbound,0,27/06/2026;09:39:20
c81acfdd-7406-4b3e-964c-d93556cf9559,starz3237,27/06/2026;10:09:21,0
86284d51-d216-4041-b3b3-a8f751ea05b3,maloyaroslavets,27/06/2026;10:58:32,0
c81acfdd-7406-4b3e-964c-d93556cf9559,starz3237,0,27/06/2026;11:00:39
236a2c52-3e56-4f3f-a05a-5a884607454a,wamchii,0,27/06/2026;11:00:53
c81acfdd-7406-4b3e-964c-d93556cf9559,starz3237,27/06/2026;11:05:28,0
dc5002ff-88e8-49b5-917b-c8a8e27382e5,_Kxks,27/06/2026;11:06:10,0
dc5002ff-88e8-49b5-917b-c8a8e27382e5,_Kxks,27/06/2026;11:25:56,0
dc5002ff-88e8-49b5-917b-c8a8e27382e5,_Kxks,0,27/06/2026;11:25:57
dc5002ff-88e8-49b5-917b-c8a8e27382e5,_Kxks,0,27/06/2026;11:26:04
dc5002ff-88e8-49b5-917b-c8a8e27382e5,_Kxks,27/06/2026;11:26:06,0
dc5002ff-88e8-49b5-917b-c8a8e27382e5,_Kxks,0,27/06/2026;11:29:36
c81acfdd-7406-4b3e-964c-d93556cf9559,starz3237,0,27/06/2026;11:32:49
ac435971-bfb7-4f5e-a9ea-32335a2acee2,Riotte,0,27/06/2026;11:45:30
c81acfdd-7406-4b3e-964c-d93556cf9559,starz3237,27/06/2026;11:54:19,0
ac435971-bfb7-4f5e-a9ea-32335a2acee2,Riotte,27/06/2026;12:21:21,0
ce0f19fe-7851-47d2-9f40-32f4c8e0e924,0NightSword,27/06/2026;12:22:34,0
236a2c52-3e56-4f3f-a05a-5a884607454a,wamchii,27/06/2026;12:27:00,0
4f0bb989-983d-4c0c-bf94-4cfa784dca60,Geebly,27/06/2026;12:33:20,0
c81acfdd-7406-4b3e-964c-d93556cf9559,starz3237,0,27/06/2026;12:34:56
c81acfdd-7406-4b3e-964c-d93556cf9559,starz3237,27/06/2026;12:37:26,0
b705ccdd-dd40-455b-b092-22b2011a57bf,Skywalkered,27/06/2026;13:05:51,0
3cfaa24a-a43b-43b1-b893-5c849aeca8b1,ImNycleo,27/06/2026;13:17:49,0
dc5002ff-88e8-49b5-917b-c8a8e27382e5,_Kxks,27/06/2026;13:18:29,0
4f0bb989-983d-4c0c-bf94-4cfa784dca60,Geebly,0,27/06/2026;13:19:33
8e598f9b-ff76-405a-9368-3f0925163b6a,MoldyNeptune,27/06/2026;13:20:26,0
8e598f9b-ff76-405a-9368-3f0925163b6a,MoldyNeptune,0,27/06/2026;13:25:11
236a2c52-3e56-4f3f-a05a-5a884607454a,wamchii,0,27/06/2026;13:26:22
236a2c52-3e56-4f3f-a05a-5a884607454a,wamchii,27/06/2026;13:32:16,0
afb8452f-c87a-491f-9913-33c15032055e,iamstormbound,27/06/2026;13:38:52,0
ac435971-bfb7-4f5e-a9ea-32335a2acee2,Riotte,0,27/06/2026;13:49:00
ce0f19fe-7851-47d2-9f40-32f4c8e0e924,0NightSword,0,27/06/2026;13:49:41
c81acfdd-7406-4b3e-964c-d93556cf9559,starz3237,0,27/06/2026;13:51:24
c81acfdd-7406-4b3e-964c-d93556cf9559,starz3237,27/06/2026;13:51:25,0
39d1266b-6dc7-4c5b-8183-9fc49869c77e,D41sy_,27/06/2026;13:55:21,0
ac435971-bfb7-4f5e-a9ea-32335a2acee2,Riotte,27/06/2026;14:02:38,0
dc5002ff-88e8-49b5-917b-c8a8e27382e5,_Kxks,0,27/06/2026;14:08:02
afb8452f-c87a-491f-9913-33c15032055e,iamstormbound,0,27/06/2026;14:10:32
dc5002ff-88e8-49b5-917b-c8a8e27382e5,_Kxks,27/06/2026;14:11:24,0
afb8452f-c87a-491f-9913-33c15032055e,iamstormbound,27/06/2026;14:12:03,0
afb8452f-c87a-491f-9913-33c15032055e,iamstormbound,0,27/06/2026;14:24:35
afb8452f-c87a-491f-9913-33c15032055e,iamstormbound,27/06/2026;14:37:33,0
f79dd909-767b-4881-808f-79405f167858,ArgonOil39,27/06/2026;14:38:35,0
f79dd909-767b-4881-808f-79405f167858,ArgonOil39,0,27/06/2026;14:42:00
f79dd909-767b-4881-808f-79405f167858,ArgonOil39,27/06/2026;14:42:36,0
39d1266b-6dc7-4c5b-8183-9fc49869c77e,D41sy_,0,27/06/2026;15:15:41
dc5002ff-88e8-49b5-917b-c8a8e27382e5,_Kxks,0,27/06/2026;15:24:31
afb8452f-c87a-491f-9913-33c15032055e,iamstormbound,0,27/06/2026;15:28:12
afb8452f-c87a-491f-9913-33c15032055e,iamstormbound,27/06/2026;15:33:50,0
c81acfdd-7406-4b3e-964c-d93556cf9559,starz3237,0,27/06/2026;15:37:22
c81acfdd-7406-4b3e-964c-d93556cf9559,starz3237,27/06/2026;15:38:55,0
ce0f19fe-7851-47d2-9f40-32f4c8e0e924,0NightSword,27/06/2026;15:41:18,0
f79dd909-767b-4881-808f-79405f167858,ArgonOil39,0,27/06/2026;15:56:02
dd81ac6f-8caa-4c05-992b-41c465ff2f63,AFamiliarity,27/06/2026;16:11:33,0
dd81ac6f-8caa-4c05-992b-41c465ff2f63,AFamiliarity,0,27/06/2026;16:14:07
dd81ac6f-8caa-4c05-992b-41c465ff2f63,AFamiliarity,27/06/2026;16:15:00,0
afb8452f-c87a-491f-9913-33c15032055e,iamstormbound,0,27/06/2026;16:16:58
dd81ac6f-8caa-4c05-992b-41c465ff2f63,AFamiliarity,0,27/06/2026;16:17:35
dd81ac6f-8caa-4c05-992b-41c465ff2f63,AFamiliarity,27/06/2026;16:17:43,0
39d1266b-6dc7-4c5b-8183-9fc49869c77e,D41sy_,27/06/2026;16:19:53,0
b705ccdd-dd40-455b-b092-22b2011a57bf,Skywalkered,0,27/06/2026;16:24:53
236a2c52-3e56-4f3f-a05a-5a884607454a,wamchii,0,27/06/2026;16:38:06
c81acfdd-7406-4b3e-964c-d93556cf9559,starz3237,0,27/06/2026;16:43:29
c81acfdd-7406-4b3e-964c-d93556cf9559,starz3237,27/06/2026;16:43:30,0
32b388d9-32a7-4312-94c7-d9ec9a83ddf3,TheLorax,27/06/2026;16:49:12,0
32b388d9-32a7-4312-94c7-d9ec9a83ddf3,TheLorax,0,27/06/2026;16:49:43
d8d5a923-7b20-43d8-883b-1150148d6955,Test,27/06/2026;16:51:31,0
d8d5a923-7b20-43d8-883b-1150148d6955,Test,0,27/06/2026;16:51:36
32b388d9-32a7-4312-94c7-d9ec9a83ddf3,TheLorax,27/06/2026;16:52:01,0
32b388d9-32a7-4312-94c7-d9ec9a83ddf3,TheLorax,0,27/06/2026;16:52:25
32b388d9-32a7-4312-94c7-d9ec9a83ddf3,TheLorax,27/06/2026;16:52:36,0
ce0f19fe-7851-47d2-9f40-32f4c8e0e924,0NightSword,0,27/06/2026;16:53:10
dd81ac6f-8caa-4c05-992b-41c465ff2f63,AFamiliarity,0,27/06/2026;16:54:21
ce0f19fe-7851-47d2-9f40-32f4c8e0e924,0NightSword,27/06/2026;16:56:42,0
c81acfdd-7406-4b3e-964c-d93556cf9559,starz3237,0,27/06/2026;17:02:05
c81acfdd-7406-4b3e-964c-d93556cf9559,starz3237,27/06/2026;17:02:07,0
b705ccdd-dd40-455b-b092-22b2011a57bf,Skywalkered,27/06/2026;17:02:15,0
ac435971-bfb7-4f5e-a9ea-32335a2acee2,Riotte,0,27/06/2026;17:09:54
f79dd909-767b-4881-808f-79405f167858,ArgonOil39,27/06/2026;17:18:59,0
86284d51-d216-4041-b3b3-a8f751ea05b3,maloyaroslavets,0,27/06/2026;17:25:44
ce0f19fe-7851-47d2-9f40-32f4c8e0e924,0NightSword,0,27/06/2026;17:26:25
f79dd909-767b-4881-808f-79405f167858,ArgonOil39,0,27/06/2026;17:33:46
f79dd909-767b-4881-808f-79405f167858,ArgonOil39,27/06/2026;17:34:09,0
dd81ac6f-8caa-4c05-992b-41c465ff2f63,AFamiliarity,27/06/2026;17:41:25,0
32b388d9-32a7-4312-94c7-d9ec9a83ddf3,TheLorax,0,27/06/2026;17:42:08
ce0f19fe-7851-47d2-9f40-32f4c8e0e924,0NightSword,27/06/2026;17:50:05,0
ce0f19fe-7851-47d2-9f40-32f4c8e0e924,0NightSword,0,27/06/2026;17:58:44
ce0f19fe-7851-47d2-9f40-32f4c8e0e924,0NightSword,27/06/2026;17:59:01,0
236a2c52-3e56-4f3f-a05a-5a884607454a,wamchii,27/06/2026;18:01:26,0
78b5ea1a-991e-44ad-9989-d7d450134949,Xelon1312,27/06/2026;18:04:43,0
78b5ea1a-991e-44ad-9989-d7d450134949,Xelon1312,0,27/06/2026;18:06:41
78b5ea1a-991e-44ad-9989-d7d450134949,Xelon1312,27/06/2026;18:09:32,0
75f51159-85d3-42eb-9710-f6ec3ad348a0,SashKings,27/06/2026;18:10:38,0
3cfaa24a-a43b-43b1-b893-5c849aeca8b1,ImNycleo,0,27/06/2026;18:13:01
32b388d9-32a7-4312-94c7-d9ec9a83ddf3,TheLorax,27/06/2026;18:13:06,0
f79dd909-767b-4881-808f-79405f167858,ArgonOil39,0,27/06/2026;18:13:13
3cfaa24a-a43b-43b1-b893-5c849aeca8b1,ImNycleo,27/06/2026;18:13:26,0
39d1266b-6dc7-4c5b-8183-9fc49869c77e,D41sy_,0,27/06/2026;18:13:28
c81acfdd-7406-4b3e-964c-d93556cf9559,starz3237,0,27/06/2026;18:13:35
39d1266b-6dc7-4c5b-8183-9fc49869c77e,D41sy_,27/06/2026;18:13:48,0
b705ccdd-dd40-455b-b092-22b2011a57bf,Skywalkered,0,27/06/2026;18:14:11
b705ccdd-dd40-455b-b092-22b2011a57bf,Skywalkered,27/06/2026;18:14:16,0
32b388d9-32a7-4312-94c7-d9ec9a83ddf3,TheLorax,0,27/06/2026;18:14:16
39d1266b-6dc7-4c5b-8183-9fc49869c77e,D41sy_,0,27/06/2026;18:14:33
3cfaa24a-a43b-43b1-b893-5c849aeca8b1,ImNycleo,0,27/06/2026;18:15:11
3cfaa24a-a43b-43b1-b893-5c849aeca8b1,ImNycleo,27/06/2026;18:15:44,0
dd81ac6f-8caa-4c05-992b-41c465ff2f63,AFamiliarity,0,27/06/2026;18:15:59
3cfaa24a-a43b-43b1-b893-5c849aeca8b1,ImNycleo,0,27/06/2026;18:16:45
f79dd909-767b-4881-808f-79405f167858,ArgonOil39,27/06/2026;18:16:47,0
bf58b239-1ea0-4a10-a57c-a57d2d7faa30,vivianholiday,27/06/2026;18:17:01,0
dd81ac6f-8caa-4c05-992b-41c465ff2f63,AFamiliarity,27/06/2026;18:17:20,0
3cfaa24a-a43b-43b1-b893-5c849aeca8b1,ImNycleo,27/06/2026;18:17:28,0
f79dd909-767b-4881-808f-79405f167858,ArgonOil39,0,27/06/2026;18:18:26
32b388d9-32a7-4312-94c7-d9ec9a83ddf3,TheLorax,27/06/2026;18:18:30,0
f79dd909-767b-4881-808f-79405f167858,ArgonOil39,27/06/2026;18:18:40,0
bf58b239-1ea0-4a10-a57c-a57d2d7faa30,vivianholiday,0,27/06/2026;18:18:46
ce0f19fe-7851-47d2-9f40-32f4c8e0e924,0NightSword,0,27/06/2026;18:20:57
39d1266b-6dc7-4c5b-8183-9fc49869c77e,D41sy_,27/06/2026;18:22:07,0
b705ccdd-dd40-455b-b092-22b2011a57bf,Skywalkered,0,27/06/2026;18:22:38
ce0f19fe-7851-47d2-9f40-32f4c8e0e924,0NightSword,27/06/2026;18:23:37,0
b705ccdd-dd40-455b-b092-22b2011a57bf,Skywalkered,27/06/2026;18:26:15,0
dd81ac6f-8caa-4c05-992b-41c465ff2f63,AFamiliarity,0,27/06/2026;18:37:26
f79dd909-767b-4881-808f-79405f167858,ArgonOil39,0,27/06/2026;18:37:59
f79dd909-767b-4881-808f-79405f167858,ArgonOil39,27/06/2026;18:39:17,0
78b5ea1a-991e-44ad-9989-d7d450134949,Xelon1312,0,27/06/2026;18:42:55
dd81ac6f-8caa-4c05-992b-41c465ff2f63,AFamiliarity,27/06/2026;18:46:29,0
f79dd909-767b-4881-808f-79405f167858,ArgonOil39,0,27/06/2026;18:46:31
ce0f19fe-7851-47d2-9f40-32f4c8e0e924,0NightSword,0,27/06/2026;18:48:17
dd81ac6f-8caa-4c05-992b-41c465ff2f63,AFamiliarity,0,27/06/2026;18:50:36
f79dd909-767b-4881-808f-79405f167858,ArgonOil39,27/06/2026;18:50:56,0
ce0f19fe-7851-47d2-9f40-32f4c8e0e924,0NightSword,27/06/2026;18:51:15,0
dd81ac6f-8caa-4c05-992b-41c465ff2f63,AFamiliarity,27/06/2026;18:51:17,0
f79dd909-767b-4881-808f-79405f167858,ArgonOil39,0,27/06/2026;18:51:20
f79dd909-767b-4881-808f-79405f167858,ArgonOil39,27/06/2026;18:56:18,0
f79dd909-767b-4881-808f-79405f167858,ArgonOil39,0,27/06/2026;18:57:38
75f51159-85d3-42eb-9710-f6ec3ad348a0,SashKings,0,27/06/2026;19:15:47
75f51159-85d3-42eb-9710-f6ec3ad348a0,SashKings,27/06/2026;19:16:34,0
75f51159-85d3-42eb-9710-f6ec3ad348a0,SashKings,0,27/06/2026;19:17:29
75f51159-85d3-42eb-9710-f6ec3ad348a0,SashKings,27/06/2026;19:18:09,0
75f51159-85d3-42eb-9710-f6ec3ad348a0,SashKings,0,27/06/2026;19:18:54
75f51159-85d3-42eb-9710-f6ec3ad348a0,SashKings,27/06/2026;19:20:11,0
b705ccdd-dd40-455b-b092-22b2011a57bf,Skywalkered,0,27/06/2026;19:20:37
3cfaa24a-a43b-43b1-b893-5c849aeca8b1,ImNycleo,0,27/06/2026;19:20:39
236a2c52-3e56-4f3f-a05a-5a884607454a,wamchii,0,27/06/2026;19:20:41
b705ccdd-dd40-455b-b092-22b2011a57bf,Skywalkered,27/06/2026;19:20:43,0
236a2c52-3e56-4f3f-a05a-5a884607454a,wamchii,27/06/2026;19:20:46,0
75f51159-85d3-42eb-9710-f6ec3ad348a0,SashKings,0,27/06/2026;19:20:55
b705ccdd-dd40-455b-b092-22b2011a57bf,Skywalkered,0,27/06/2026;19:21:13
75f51159-85d3-42eb-9710-f6ec3ad348a0,SashKings,27/06/2026;19:21:44,0
3cfaa24a-a43b-43b1-b893-5c849aeca8b1,ImNycleo,27/06/2026;19:22:01,0
b705ccdd-dd40-455b-b092-22b2011a57bf,Skywalkered,27/06/2026;19:22:38,0
3cfaa24a-a43b-43b1-b893-5c849aeca8b1,ImNycleo,0,27/06/2026;19:26:38
3cfaa24a-a43b-43b1-b893-5c849aeca8b1,ImNycleo,27/06/2026;19:27:15,0
b705ccdd-dd40-455b-b092-22b2011a57bf,Skywalkered,0,27/06/2026;19:28:07
b705ccdd-dd40-455b-b092-22b2011a57bf,Skywalkered,27/06/2026;19:28:33,0
86284d51-d216-4041-b3b3-a8f751ea05b3,maloyaroslavets,27/06/2026;19:29:04,0
b705ccdd-dd40-455b-b092-22b2011a57bf,Skywalkered,0,27/06/2026;19:30:16
b705ccdd-dd40-455b-b092-22b2011a57bf,Skywalkered,27/06/2026;19:30:27,0
ce0f19fe-7851-47d2-9f40-32f4c8e0e924,0NightSword,0,27/06/2026;19:34:17
236a2c52-3e56-4f3f-a05a-5a884607454a,wamchii,0,27/06/2026;19:41:50
ce0f19fe-7851-47d2-9f40-32f4c8e0e924,0NightSword,27/06/2026;19:48:15,0
86284d51-d216-4041-b3b3-a8f751ea05b3,maloyaroslavets,0,27/06/2026;19:48:32
e84ee678-1a9b-4517-a6ff-4c6199f1b782,Chittochi,27/06/2026;19:54:02,0
4f0bb989-983d-4c0c-bf94-4cfa784dca60,Geebly,27/06/2026;19:58:13,0
c081e423-8f22-47de-81f8-be3654829f88,AFlamingPhoenix,27/06/2026;20:05:27,0
f03a4aea-0a70-4c8a-b32d-8cb4a485a70d,Link_lord905,27/06/2026;20:08:37,0
f03a4aea-0a70-4c8a-b32d-8cb4a485a70d,Link_lord905,0,27/06/2026;20:09:08
75f51159-85d3-42eb-9710-f6ec3ad348a0,SashKings,0,27/06/2026;20:09:11
f79dd909-767b-4881-808f-79405f167858,ArgonOil39,27/06/2026;20:26:41,0
f79dd909-767b-4881-808f-79405f167858,ArgonOil39,0,27/06/2026;20:27:55
f79dd909-767b-4881-808f-79405f167858,ArgonOil39,27/06/2026;20:28:01,0
dc5002ff-88e8-49b5-917b-c8a8e27382e5,_Kxks,27/06/2026;20:28:59,0
f79dd909-767b-4881-808f-79405f167858,ArgonOil39,0,27/06/2026;20:29:07
f79dd909-767b-4881-808f-79405f167858,ArgonOil39,27/06/2026;20:29:28,0
f79dd909-767b-4881-808f-79405f167858,ArgonOil39,0,27/06/2026;20:30:53
f79dd909-767b-4881-808f-79405f167858,ArgonOil39,27/06/2026;20:32:13,0
f79dd909-767b-4881-808f-79405f167858,ArgonOil39,0,27/06/2026;20:33:19
f79dd909-767b-4881-808f-79405f167858,ArgonOil39,27/06/2026;20:34:00,0
f79dd909-767b-4881-808f-79405f167858,ArgonOil39,0,27/06/2026;20:35:18
f79dd909-767b-4881-808f-79405f167858,ArgonOil39,27/06/2026;20:35:51,0
f79dd909-767b-4881-808f-79405f167858,ArgonOil39,0,27/06/2026;20:36:33
f79dd909-767b-4881-808f-79405f167858,ArgonOil39,27/06/2026;20:38:42,0
dd81ac6f-8caa-4c05-992b-41c465ff2f63,AFamiliarity,0,27/06/2026;20:39:13
dd81ac6f-8caa-4c05-992b-41c465ff2f63,AFamiliarity,27/06/2026;20:39:26,0
f79dd909-767b-4881-808f-79405f167858,ArgonOil39,0,27/06/2026;20:39:32
f79dd909-767b-4881-808f-79405f167858,ArgonOil39,27/06/2026;20:39:37,0
f79dd909-767b-4881-808f-79405f167858,ArgonOil39,0,27/06/2026;20:41:08
dd81ac6f-8caa-4c05-992b-41c465ff2f63,AFamiliarity,0,27/06/2026;20:41:34
f79dd909-767b-4881-808f-79405f167858,ArgonOil39,27/06/2026;20:43:21,0
f79dd909-767b-4881-808f-79405f167858,ArgonOil39,0,27/06/2026;20:44:18
dd81ac6f-8caa-4c05-992b-41c465ff2f63,AFamiliarity,27/06/2026;20:53:54,0
4f0bb989-983d-4c0c-bf94-4cfa784dca60,Geebly,0,27/06/2026;20:56:30
4f0bb989-983d-4c0c-bf94-4cfa784dca60,Geebly,27/06/2026;20:56:37,0
32b388d9-32a7-4312-94c7-d9ec9a83ddf3,TheLorax,0,27/06/2026;20:56:38
f79dd909-767b-4881-808f-79405f167858,ArgonOil39,27/06/2026;20:58:10,0
f79dd909-767b-4881-808f-79405f167858,ArgonOil39,0,27/06/2026;20:58:31
4f0bb989-983d-4c0c-bf94-4cfa784dca60,Geebly,0,27/06/2026;21:01:38
4f0bb989-983d-4c0c-bf94-4cfa784dca60,Geebly,27/06/2026;21:04:09,0
dd81ac6f-8caa-4c05-992b-41c465ff2f63,AFamiliarity,0,27/06/2026;21:06:49
e84ee678-1a9b-4517-a6ff-4c6199f1b782,Chittochi,0,27/06/2026;21:10:50
33a27411-7886-4c65-8eb1-1b55b6f4184d,Kleptoplasm,27/06/2026;21:11:28,0
f79dd909-767b-4881-808f-79405f167858,ArgonOil39,27/06/2026;21:19:46,0
4f0bb989-983d-4c0c-bf94-4cfa784dca60,Geebly,0,27/06/2026;21:20:54
4f0bb989-983d-4c0c-bf94-4cfa784dca60,Geebly,27/06/2026;21:21:01,0
39d1266b-6dc7-4c5b-8183-9fc49869c77e,D41sy_,0,27/06/2026;21:22:40
dc5002ff-88e8-49b5-917b-c8a8e27382e5,_Kxks,0,27/06/2026;21:22:58
f79dd909-767b-4881-808f-79405f167858,ArgonOil39,0,27/06/2026;21:27:05
f79dd909-767b-4881-808f-79405f167858,ArgonOil39,27/06/2026;21:28:12,0
39d1266b-6dc7-4c5b-8183-9fc49869c77e,D41sy_,27/06/2026;21:31:58,0
c081e423-8f22-47de-81f8-be3654829f88,AFlamingPhoenix,0,27/06/2026;21:33:15
b705ccdd-dd40-455b-b092-22b2011a57bf,Skywalkered,0,27/06/2026;21:39:49
ce0f19fe-7851-47d2-9f40-32f4c8e0e924,0NightSword,0,27/06/2026;21:42:58
f79dd909-767b-4881-808f-79405f167858,ArgonOil39,0,27/06/2026;21:46:13
33a27411-7886-4c65-8eb1-1b55b6f4184d,Kleptoplasm,0,27/06/2026;21:54:47
39d1266b-6dc7-4c5b-8183-9fc49869c77e,D41sy_,0,27/06/2026;21:54:49
33a27411-7886-4c65-8eb1-1b55b6f4184d,Kleptoplasm,27/06/2026;21:54:50,0
39d1266b-6dc7-4c5b-8183-9fc49869c77e,D41sy_,27/06/2026;21:54:53,0
33a27411-7886-4c65-8eb1-1b55b6f4184d,Kleptoplasm,0,27/06/2026;22:02:39
33a27411-7886-4c65-8eb1-1b55b6f4184d,Kleptoplasm,27/06/2026;22:04:36,0
e84ee678-1a9b-4517-a6ff-4c6199f1b782,Chittochi,27/06/2026;22:14:49,0
4f0bb989-983d-4c0c-bf94-4cfa784dca60,Geebly,0,27/06/2026;22:21:03
e84ee678-1a9b-4517-a6ff-4c6199f1b782,Chittochi,0,27/06/2026;22:28:26
39d1266b-6dc7-4c5b-8183-9fc49869c77e,D41sy_,0,27/06/2026;22:32:50
3cfaa24a-a43b-43b1-b893-5c849aeca8b1,ImNycleo,0,27/06/2026;22:41:30
33a27411-7886-4c65-8eb1-1b55b6f4184d,Kleptoplasm,0,27/06/2026;22:49:46
c81acfdd-7406-4b3e-964c-d93556cf9559,starz3237,27/06/2026;23:05:35,0
c81acfdd-7406-4b3e-964c-d93556cf9559,starz3237,0,27/06/2026;23:11:54
e84ee678-1a9b-4517-a6ff-4c6199f1b782,Chittochi,27/06/2026;23:29:39,0
e84ee678-1a9b-4517-a6ff-4c6199f1b782,Chittochi,0,27/06/2026;23:36:13
c81acfdd-7406-4b3e-964c-d93556cf9559,starz3237,28/06/2026;01:09:00,0
c81acfdd-7406-4b3e-964c-d93556cf9559,starz3237,0,28/06/2026;01:27:33
c81acfdd-7406-4b3e-964c-d93556cf9559,starz3237,28/06/2026;01:27:35,0
b705ccdd-dd40-455b-b092-22b2011a57bf,Skywalkered,28/06/2026;01:54:27,0
b705ccdd-dd40-455b-b092-22b2011a57bf,Skywalkered,28/06/2026;01:58:13,0
b705ccdd-dd40-455b-b092-22b2011a57bf,Skywalkered,0,28/06/2026;01:58:25
c81acfdd-7406-4b3e-964c-d93556cf9559,starz3237,28/06/2026;01:58:38,0
b705ccdd-dd40-455b-b092-22b2011a57bf,Skywalkered,28/06/2026;01:59:04,0
86284d51-d216-4041-b3b3-a8f751ea05b3,maloyaroslavets,28/06/2026;01:59:19,0
b705ccdd-dd40-455b-b092-22b2011a57bf,Skywalkered,0,28/06/2026;01:59:32
b705ccdd-dd40-455b-b092-22b2011a57bf,Skywalkered,28/06/2026;02:05:25,0
b705ccdd-dd40-455b-b092-22b2011a57bf,Skywalkered,28/06/2026;02:07:14,0
c81acfdd-7406-4b3e-964c-d93556cf9559,starz3237,28/06/2026;02:08:06,0
b705ccdd-dd40-455b-b092-22b2011a57bf,Skywalkered,0,28/06/2026;02:12:17
b705ccdd-dd40-455b-b092-22b2011a57bf,Skywalkered,28/06/2026;02:33:44,0
b705ccdd-dd40-455b-b092-22b2011a57bf,Skywalkered,28/06/2026;02:35:04,0
c81acfdd-7406-4b3e-964c-d93556cf9559,starz3237,28/06/2026;02:35:07,0
b705ccdd-dd40-455b-b092-22b2011a57bf,Skywalkered,0,28/06/2026;02:35:57
b705ccdd-dd40-455b-b092-22b2011a57bf,Skywalkered,28/06/2026;02:36:04,0
b705ccdd-dd40-455b-b092-22b2011a57bf,Skywalkered,0,28/06/2026;02:36:44
b705ccdd-dd40-455b-b092-22b2011a57bf,Skywalkered,28/06/2026;02:40:49,0
c81acfdd-7406-4b3e-964c-d93556cf9559,starz3237,28/06/2026;02:41:00,0
b705ccdd-dd40-455b-b092-22b2011a57bf,Skywalkered,0,28/06/2026;02:43:02
b705ccdd-dd40-455b-b092-22b2011a57bf,Skywalkered,28/06/2026;02:43:40,0
b705ccdd-dd40-455b-b092-22b2011a57bf,Skywalkered,0,28/06/2026;02:43:46
b705ccdd-dd40-455b-b092-22b2011a57bf,Skywalkered,28/06/2026;02:45:22,0
b705ccdd-dd40-455b-b092-22b2011a57bf,Skywalkered,0,28/06/2026;02:48:47
b705ccdd-dd40-455b-b092-22b2011a57bf,Skywalkered,28/06/2026;02:49:04,0
b705ccdd-dd40-455b-b092-22b2011a57bf,Skywalkered,0,28/06/2026;02:52:16
b705ccdd-dd40-455b-b092-22b2011a57bf,Skywalkered,28/06/2026;02:54:25,0
b705ccdd-dd40-455b-b092-22b2011a57bf,Skywalkered,0,28/06/2026;02:55:07
86284d51-d216-4041-b3b3-a8f751ea05b3,maloyaroslavets,28/06/2026;02:59:31,0
b705ccdd-dd40-455b-b092-22b2011a57bf,Skywalkered,28/06/2026;03:12:21,0
7bec3e49-61c6-4a2e-9f16-719bffc434ec,MaximusPrimed,28/06/2026;03:12:33,0
b705ccdd-dd40-455b-b092-22b2011a57bf,Skywalkered,0,28/06/2026;03:14:02
7bec3e49-61c6-4a2e-9f16-719bffc434ec,MaximusPrimed,0,28/06/2026;03:15:25
b705ccdd-dd40-455b-b092-22b2011a57bf,Skywalkered,28/06/2026;03:16:07,0
7bec3e49-61c6-4a2e-9f16-719bffc434ec,MaximusPrimed,28/06/2026;03:16:12,0
7bec3e49-61c6-4a2e-9f16-719bffc434ec,MaximusPrimed,0,28/06/2026;03:17:42
7bec3e49-61c6-4a2e-9f16-719bffc434ec,MaximusPrimed,28/06/2026;03:19:12,0
b705ccdd-dd40-455b-b092-22b2011a57bf,Skywalkered,0,28/06/2026;03:26:41
b705ccdd-dd40-455b-b092-22b2011a57bf,Skywalkered,28/06/2026;03:26:50,0
8e598f9b-ff76-405a-9368-3f0925163b6a,MoldyNeptune,28/06/2026;03:44:14,0
b705ccdd-dd40-455b-b092-22b2011a57bf,Skywalkered,0,28/06/2026;03:47:49
b705ccdd-dd40-455b-b092-22b2011a57bf,Skywalkered,28/06/2026;03:47:57,0
8e598f9b-ff76-405a-9368-3f0925163b6a,MoldyNeptune,0,28/06/2026;03:56:46
b705ccdd-dd40-455b-b092-22b2011a57bf,Skywalkered,0,28/06/2026;03:58:50
8e598f9b-ff76-405a-9368-3f0925163b6a,MoldyNeptune,28/06/2026;04:00:02,0
c81acfdd-7406-4b3e-964c-d93556cf9559,starz3237,0,28/06/2026;04:25:51
c81acfdd-7406-4b3e-964c-d93556cf9559,starz3237,28/06/2026;04:26:58,0
7bec3e49-61c6-4a2e-9f16-719bffc434ec,MaximusPrimed,0,28/06/2026;04:52:47
c81acfdd-7406-4b3e-964c-d93556cf9559,starz3237,0,28/06/2026;05:28:58
c81acfdd-7406-4b3e-964c-d93556cf9559,starz3237,28/06/2026;05:28:59,0
8e598f9b-ff76-405a-9368-3f0925163b6a,MoldyNeptune,0,28/06/2026;05:44:02
8e598f9b-ff76-405a-9368-3f0925163b6a,MoldyNeptune,28/06/2026;05:51:09,0
dc5002ff-88e8-49b5-917b-c8a8e27382e5,_Kxks,28/06/2026;05:54:01,0
8e598f9b-ff76-405a-9368-3f0925163b6a,MoldyNeptune,0,28/06/2026;06:11:32
ac435971-bfb7-4f5e-a9ea-32335a2acee2,Riotte,28/06/2026;06:23:38,0
c81acfdd-7406-4b3e-964c-d93556cf9559,starz3237,0,28/06/2026;06:25:48
c81acfdd-7406-4b3e-964c-d93556cf9559,starz3237,28/06/2026;06:26:56,0
dc5002ff-88e8-49b5-917b-c8a8e27382e5,_Kxks,0,28/06/2026;06:33:41
c81acfdd-7406-4b3e-964c-d93556cf9559,starz3237,0,28/06/2026;06:34:28
c81acfdd-7406-4b3e-964c-d93556cf9559,starz3237,28/06/2026;06:34:29,0
c81acfdd-7406-4b3e-964c-d93556cf9559,starz3237,0,28/06/2026;06:53:19
c81acfdd-7406-4b3e-964c-d93556cf9559,starz3237,28/06/2026;06:53:21,0
5f1716cf-1541-4485-bddc-c297ef66f5bd,_Hark,28/06/2026;06:57:45,0
c81acfdd-7406-4b3e-964c-d93556cf9559,starz3237,0,28/06/2026;07:56:23
c81acfdd-7406-4b3e-964c-d93556cf9559,starz3237,28/06/2026;07:56:24,0
afb8452f-c87a-491f-9913-33c15032055e,iamstormbound,28/06/2026;08:00:38,0
86284d51-d216-4041-b3b3-a8f751ea05b3,maloyaroslavets,0,28/06/2026;08:00:46
86284d51-d216-4041-b3b3-a8f751ea05b3,maloyaroslavets,28/06/2026;08:00:51,0
33a27411-7886-4c65-8eb1-1b55b6f4184d,Kleptoplasm,28/06/2026;08:36:11,0
0fc8752c-cafa-4570-a173-3dfa24336c11,KindaNiki,28/06/2026;08:56:11,0
86284d51-d216-4041-b3b3-a8f751ea05b3,maloyaroslavets,0,28/06/2026;08:56:44
afb8452f-c87a-491f-9913-33c15032055e,iamstormbound,0,28/06/2026;09:05:48
4f0bb989-983d-4c0c-bf94-4cfa784dca60,Geebly,28/06/2026;09:13:48,0
5f1716cf-1541-4485-bddc-c297ef66f5bd,_Hark,0,28/06/2026;09:19:58
5f1716cf-1541-4485-bddc-c297ef66f5bd,_Hark,28/06/2026;09:24:10,0
c81acfdd-7406-4b3e-964c-d93556cf9559,starz3237,0,28/06/2026;09:27:13
33a27411-7886-4c65-8eb1-1b55b6f4184d,Kleptoplasm,0,28/06/2026;09:31:09
5f1716cf-1541-4485-bddc-c297ef66f5bd,_Hark,0,28/06/2026;09:42:37
0fc8752c-cafa-4570-a173-3dfa24336c11,KindaNiki,0,28/06/2026;10:22:55
c81acfdd-7406-4b3e-964c-d93556cf9559,starz3237,28/06/2026;10:31:39,0
39d1266b-6dc7-4c5b-8183-9fc49869c77e,D41sy_,28/06/2026;10:52:49,0
39d1266b-6dc7-4c5b-8183-9fc49869c77e,D41sy_,0,28/06/2026;10:53:56
39d1266b-6dc7-4c5b-8183-9fc49869c77e,D41sy_,28/06/2026;10:54:01,0
39d1266b-6dc7-4c5b-8183-9fc49869c77e,D41sy_,0,28/06/2026;10:54:59
39d1266b-6dc7-4c5b-8183-9fc49869c77e,D41sy_,28/06/2026;10:55:05,0
39d1266b-6dc7-4c5b-8183-9fc49869c77e,D41sy_,0,28/06/2026;10:55:14
39d1266b-6dc7-4c5b-8183-9fc49869c77e,D41sy_,28/06/2026;10:55:25,0
b705ccdd-dd40-455b-b092-22b2011a57bf,Skywalkered,28/06/2026;11:02:46,0
b705ccdd-dd40-455b-b092-22b2011a57bf,Skywalkered,0,28/06/2026;11:04:25
b705ccdd-dd40-455b-b092-22b2011a57bf,Skywalkered,28/06/2026;11:04:30,0
33a27411-7886-4c65-8eb1-1b55b6f4184d,Kleptoplasm,28/06/2026;11:08:55,0
ce0f19fe-7851-47d2-9f40-32f4c8e0e924,0NightSword,28/06/2026;11:29:26,0
33a27411-7886-4c65-8eb1-1b55b6f4184d,Kleptoplasm,0,28/06/2026;11:49:37
33a27411-7886-4c65-8eb1-1b55b6f4184d,Kleptoplasm,28/06/2026;11:52:59,0
dd81ac6f-8caa-4c05-992b-41c465ff2f63,AFamiliarity,28/06/2026;11:55:51,0
39d1266b-6dc7-4c5b-8183-9fc49869c77e,D41sy_,0,28/06/2026;11:56:24
39d1266b-6dc7-4c5b-8183-9fc49869c77e,D41sy_,28/06/2026;11:56:29,0
33a27411-7886-4c65-8eb1-1b55b6f4184d,Kleptoplasm,0,28/06/2026;12:01:22
9988c89f-641f-411f-82a5-5f4550157468,Ediboe,28/06/2026;12:06:55,0
ce0f19fe-7851-47d2-9f40-32f4c8e0e924,0NightSword,0,28/06/2026;12:18:21
33a27411-7886-4c65-8eb1-1b55b6f4184d,Kleptoplasm,28/06/2026;12:18:45,0
c81acfdd-7406-4b3e-964c-d93556cf9559,starz3237,0,28/06/2026;12:19:16
39d1266b-6dc7-4c5b-8183-9fc49869c77e,D41sy_,0,28/06/2026;12:24:56
0fc8752c-cafa-4570-a173-3dfa24336c11,KindaNiki,28/06/2026;12:25:38,0
39d1266b-6dc7-4c5b-8183-9fc49869c77e,D41sy_,28/06/2026;12:29:27,0
dd81ac6f-8caa-4c05-992b-41c465ff2f63,AFamiliarity,0,28/06/2026;12:37:39
dd81ac6f-8caa-4c05-992b-41c465ff2f63,AFamiliarity,28/06/2026;12:42:21,0
dd81ac6f-8caa-4c05-992b-41c465ff2f63,AFamiliarity,0,28/06/2026;12:43:21
dd81ac6f-8caa-4c05-992b-41c465ff2f63,AFamiliarity,28/06/2026;12:45:05,0
33a27411-7886-4c65-8eb1-1b55b6f4184d,Kleptoplasm,0,28/06/2026;12:46:15
86284d51-d216-4041-b3b3-a8f751ea05b3,maloyaroslavets,28/06/2026;12:54:28,0
5f1716cf-1541-4485-bddc-c297ef66f5bd,_Hark,28/06/2026;12:58:45,0
9988c89f-641f-411f-82a5-5f4550157468,Ediboe,0,28/06/2026;12:59:50
33a27411-7886-4c65-8eb1-1b55b6f4184d,Kleptoplasm,28/06/2026;13:12:15,0
39d1266b-6dc7-4c5b-8183-9fc49869c77e,D41sy_,0,28/06/2026;13:13:56
33a27411-7886-4c65-8eb1-1b55b6f4184d,Kleptoplasm,0,28/06/2026;13:42:48
75f51159-85d3-42eb-9710-f6ec3ad348a0,SashKings,28/06/2026;13:46:14,0
75f51159-85d3-42eb-9710-f6ec3ad348a0,SashKings,0,28/06/2026;13:47:04
75f51159-85d3-42eb-9710-f6ec3ad348a0,SashKings,28/06/2026;13:48:39,0
75f51159-85d3-42eb-9710-f6ec3ad348a0,SashKings,0,28/06/2026;13:49:17
75f51159-85d3-42eb-9710-f6ec3ad348a0,SashKings,28/06/2026;13:50:40,0
39d1266b-6dc7-4c5b-8183-9fc49869c77e,D41sy_,28/06/2026;14:15:26,0
dd81ac6f-8caa-4c05-992b-41c465ff2f63,AFamiliarity,0,28/06/2026;14:23:30
dd81ac6f-8caa-4c05-992b-41c465ff2f63,AFamiliarity,28/06/2026;14:43:05,0
ce0f19fe-7851-47d2-9f40-32f4c8e0e924,0NightSword,28/06/2026;14:48:23,0
39d1266b-6dc7-4c5b-8183-9fc49869c77e,D41sy_,0,28/06/2026;14:48:37
33a27411-7886-4c65-8eb1-1b55b6f4184d,Kleptoplasm,28/06/2026;15:07:47,0
b705ccdd-dd40-455b-b092-22b2011a57bf,Skywalkered,0,28/06/2026;15:12:37
86284d51-d216-4041-b3b3-a8f751ea05b3,maloyaroslavets,0,28/06/2026;15:13:34
0fc8752c-cafa-4570-a173-3dfa24336c11,KindaNiki,0,28/06/2026;15:18:37
b705ccdd-dd40-455b-b092-22b2011a57bf,Skywalkered,28/06/2026;15:29:46,0
33a27411-7886-4c65-8eb1-1b55b6f4184d,Kleptoplasm,0,28/06/2026;15:30:05
0fc8752c-cafa-4570-a173-3dfa24336c11,KindaNiki,28/06/2026;15:30:11,0
33a27411-7886-4c65-8eb1-1b55b6f4184d,Kleptoplasm,28/06/2026;15:30:27,0
75f51159-85d3-42eb-9710-f6ec3ad348a0,SashKings,0,28/06/2026;15:36:49
33a27411-7886-4c65-8eb1-1b55b6f4184d,Kleptoplasm,0,28/06/2026;15:47:33
5f1716cf-1541-4485-bddc-c297ef66f5bd,_Hark,0,28/06/2026;15:48:01
b705ccdd-dd40-455b-b092-22b2011a57bf,Skywalkered,0,28/06/2026;15:51:46
b705ccdd-dd40-455b-b092-22b2011a57bf,Skywalkered,28/06/2026;15:51:53,0
ce0f19fe-7851-47d2-9f40-32f4c8e0e924,0NightSword,0,28/06/2026;15:56:24
8e598f9b-ff76-405a-9368-3f0925163b6a,MoldyNeptune,28/06/2026;16:00:03,0
dd81ac6f-8caa-4c05-992b-41c465ff2f63,AFamiliarity,0,28/06/2026;16:02:35
dd81ac6f-8caa-4c05-992b-41c465ff2f63,AFamiliarity,28/06/2026;16:03:30,0
dd81ac6f-8caa-4c05-992b-41c465ff2f63,AFamiliarity,0,28/06/2026;16:16:51
39d1266b-6dc7-4c5b-8183-9fc49869c77e,D41sy_,28/06/2026;16:18:25,0
39d1266b-6dc7-4c5b-8183-9fc49869c77e,D41sy_,0,28/06/2026;16:19:25
39d1266b-6dc7-4c5b-8183-9fc49869c77e,D41sy_,28/06/2026;16:24:38,0
b705ccdd-dd40-455b-b092-22b2011a57bf,Skywalkered,0,28/06/2026;16:37:13
0fc8752c-cafa-4570-a173-3dfa24336c11,KindaNiki,0,28/06/2026;16:49:17
0fc8752c-cafa-4570-a173-3dfa24336c11,KindaNiki,28/06/2026;16:51:48,0
0fc8752c-cafa-4570-a173-3dfa24336c11,KindaNiki,0,28/06/2026;16:53:53
0fc8752c-cafa-4570-a173-3dfa24336c11,KindaNiki,28/06/2026;16:55:10,0
f79dd909-767b-4881-808f-79405f167858,ArgonOil39,28/06/2026;16:57:21,0
dd81ac6f-8caa-4c05-992b-41c465ff2f63,AFamiliarity,28/06/2026;16:58:11,0
f79dd909-767b-4881-808f-79405f167858,ArgonOil39,0,28/06/2026;16:58:59
39d1266b-6dc7-4c5b-8183-9fc49869c77e,D41sy_,0,28/06/2026;16:59:02
39d1266b-6dc7-4c5b-8183-9fc49869c77e,D41sy_,28/06/2026;17:00:35,0
0fc8752c-cafa-4570-a173-3dfa24336c11,KindaNiki,0,28/06/2026;17:00:51
f79dd909-767b-4881-808f-79405f167858,ArgonOil39,28/06/2026;17:01:28,0
0fc8752c-cafa-4570-a173-3dfa24336c11,KindaNiki,28/06/2026;17:03:40,0
9988c89f-641f-411f-82a5-5f4550157468,Ediboe,28/06/2026;17:10:03,0
5f1716cf-1541-4485-bddc-c297ef66f5bd,_Hark,28/06/2026;17:20:03,0
0fc8752c-cafa-4570-a173-3dfa24336c11,KindaNiki,0,28/06/2026;17:20:13
0fc8752c-cafa-4570-a173-3dfa24336c11,KindaNiki,28/06/2026;17:22:20,0
0fc8752c-cafa-4570-a173-3dfa24336c11,KindaNiki,0,28/06/2026;17:24:32
8e598f9b-ff76-405a-9368-3f0925163b6a,MoldyNeptune,0,28/06/2026;17:26:57
f79dd909-767b-4881-808f-79405f167858,ArgonOil39,0,28/06/2026;17:29:30
9988c89f-641f-411f-82a5-5f4550157468,Ediboe,0,28/06/2026;17:40:47
b705ccdd-dd40-455b-b092-22b2011a57bf,Skywalkered,28/06/2026;17:42:05,0
b705ccdd-dd40-455b-b092-22b2011a57bf,Skywalkered,0,28/06/2026;17:43:46
b705ccdd-dd40-455b-b092-22b2011a57bf,Skywalkered,28/06/2026;17:43:57,0
b705ccdd-dd40-455b-b092-22b2011a57bf,Skywalkered,0,28/06/2026;17:47:56
b705ccdd-dd40-455b-b092-22b2011a57bf,Skywalkered,28/06/2026;17:48:04,0
dd81ac6f-8caa-4c05-992b-41c465ff2f63,AFamiliarity,0,28/06/2026;17:54:38
236a2c52-3e56-4f3f-a05a-5a884607454a,wamchii,28/06/2026;17:58:39,0
236a2c52-3e56-4f3f-a05a-5a884607454a,wamchii,0,28/06/2026;17:59:53
236a2c52-3e56-4f3f-a05a-5a884607454a,wamchii,28/06/2026;18:04:00,0
f4b36e9b-093b-4899-bda8-0475423c4136,Snaleub_CR,28/06/2026;18:04:37,0
f79dd909-767b-4881-808f-79405f167858,ArgonOil39,28/06/2026;18:11:47,0
236a2c52-3e56-4f3f-a05a-5a884607454a,wamchii,0,28/06/2026;18:21:46
236a2c52-3e56-4f3f-a05a-5a884607454a,wamchii,28/06/2026;18:21:51,0
f4b36e9b-093b-4899-bda8-0475423c4136,Snaleub_CR,0,28/06/2026;18:23:06
f4b36e9b-093b-4899-bda8-0475423c4136,Snaleub_CR,28/06/2026;18:26:04,0
f4b36e9b-093b-4899-bda8-0475423c4136,Snaleub_CR,0,28/06/2026;18:26:40
f4b36e9b-093b-4899-bda8-0475423c4136,Snaleub_CR,28/06/2026;18:26:46,0
f4b36e9b-093b-4899-bda8-0475423c4136,Snaleub_CR,0,28/06/2026;18:26:58
ec7096b9-d6d0-4984-8580-9a334b7b70c9,Veztrix,28/06/2026;18:27:44,0
39d1266b-6dc7-4c5b-8183-9fc49869c77e,D41sy_,0,28/06/2026;18:35:31
39d1266b-6dc7-4c5b-8183-9fc49869c77e,D41sy_,28/06/2026;18:39:48,0
4f0bb989-983d-4c0c-bf94-4cfa784dca60,Geebly,0,28/06/2026;18:46:00
dd81ac6f-8caa-4c05-992b-41c465ff2f63,AFamiliarity,28/06/2026;18:51:38,0
9988c89f-641f-411f-82a5-5f4550157468,Ediboe,28/06/2026;18:52:08,0
f79dd909-767b-4881-808f-79405f167858,ArgonOil39,0,28/06/2026;18:54:48
9988c89f-641f-411f-82a5-5f4550157468,Ediboe,0,28/06/2026;19:04:09
75f51159-85d3-42eb-9710-f6ec3ad348a0,SashKings,28/06/2026;19:13:00,0
7c75b21e-8e65-4fef-8043-dbb0e7d21439,oneGhost_,28/06/2026;19:33:20,0
236a2c52-3e56-4f3f-a05a-5a884607454a,wamchii,0,28/06/2026;19:36:03
7c75b21e-8e65-4fef-8043-dbb0e7d21439,oneGhost_,0,28/06/2026;19:37:37
7c75b21e-8e65-4fef-8043-dbb0e7d21439,oneGhost_,28/06/2026;19:39:41,0
ec7096b9-d6d0-4984-8580-9a334b7b70c9,Veztrix,0,28/06/2026;19:40:36
ac435971-bfb7-4f5e-a9ea-32335a2acee2,Riotte,0,28/06/2026;19:47:17
39d1266b-6dc7-4c5b-8183-9fc49869c77e,D41sy_,0,28/06/2026;19:47:17
ac435971-bfb7-4f5e-a9ea-32335a2acee2,Riotte,28/06/2026;19:47:21,0
7c75b21e-8e65-4fef-8043-dbb0e7d21439,oneGhost_,0,28/06/2026;19:54:16
ac435971-bfb7-4f5e-a9ea-32335a2acee2,Riotte,0,28/06/2026;19:55:36
ac435971-bfb7-4f5e-a9ea-32335a2acee2,Riotte,28/06/2026;19:55:38,0
39d1266b-6dc7-4c5b-8183-9fc49869c77e,D41sy_,28/06/2026;19:59:48,0
78b5ea1a-991e-44ad-9989-d7d450134949,Xelon1312,28/06/2026;20:03:57,0
b705ccdd-dd40-455b-b092-22b2011a57bf,Skywalkered,0,28/06/2026;20:04:19
ec7096b9-d6d0-4984-8580-9a334b7b70c9,Veztrix,28/06/2026;20:04:24,0
b705ccdd-dd40-455b-b092-22b2011a57bf,Skywalkered,28/06/2026;20:04:26,0
4f0bb989-983d-4c0c-bf94-4cfa784dca60,Geebly,28/06/2026;20:06:45,0
78b5ea1a-991e-44ad-9989-d7d450134949,Xelon1312,0,28/06/2026;20:09:39
b705ccdd-dd40-455b-b092-22b2011a57bf,Skywalkered,0,28/06/2026;20:10:43
ac435971-bfb7-4f5e-a9ea-32335a2acee2,Riotte,0,28/06/2026;20:27:10
0fc8752c-cafa-4570-a173-3dfa24336c11,KindaNiki,28/06/2026;20:42:08,0
4f0bb989-983d-4c0c-bf94-4cfa784dca60,Geebly,0,28/06/2026;20:42:09
4f0bb989-983d-4c0c-bf94-4cfa784dca60,Geebly,28/06/2026;20:42:16,0
0fc8752c-cafa-4570-a173-3dfa24336c11,KindaNiki,0,28/06/2026;20:43:05
ec7096b9-d6d0-4984-8580-9a334b7b70c9,Veztrix,0,28/06/2026;20:50:00
75f51159-85d3-42eb-9710-f6ec3ad348a0,SashKings,0,28/06/2026;20:50:00
dd81ac6f-8caa-4c05-992b-41c465ff2f63,AFamiliarity,0,28/06/2026;20:50:00
39d1266b-6dc7-4c5b-8183-9fc49869c77e,D41sy_,0,28/06/2026;20:50:00
5f1716cf-1541-4485-bddc-c297ef66f5bd,_Hark,0,28/06/2026;20:50:01
39d1266b-6dc7-4c5b-8183-9fc49869c77e,D41sy_,28/06/2026;20:50:08,0
dd81ac6f-8caa-4c05-992b-41c465ff2f63,AFamiliarity,28/06/2026;20:50:09,0
4f0bb989-983d-4c0c-bf94-4cfa784dca60,Geebly,28/06/2026;20:50:11,0
75f51159-85d3-42eb-9710-f6ec3ad348a0,SashKings,28/06/2026;20:50:20,0
5f1716cf-1541-4485-bddc-c297ef66f5bd,_Hark,28/06/2026;20:50:23,0
4f0bb989-983d-4c0c-bf94-4cfa784dca60,Geebly,0,28/06/2026;21:01:37
4f0bb989-983d-4c0c-bf94-4cfa784dca60,Geebly,28/06/2026;21:05:12,0
75f51159-85d3-42eb-9710-f6ec3ad348a0,SashKings,0,28/06/2026;21:05:16
75f51159-85d3-42eb-9710-f6ec3ad348a0,SashKings,28/06/2026;21:07:17,0
75f51159-85d3-42eb-9710-f6ec3ad348a0,SashKings,0,28/06/2026;21:08:01
051c9aed-79e5-4f65-863c-b8b73458c3d9,CartoonInferior,28/06/2026;21:16:44,0
f79dd909-767b-4881-808f-79405f167858,ArgonOil39,28/06/2026;21:17:00,0
39d1266b-6dc7-4c5b-8183-9fc49869c77e,D41sy_,0,28/06/2026;21:17:05
39d1266b-6dc7-4c5b-8183-9fc49869c77e,D41sy_,28/06/2026;21:17:11,0
39d1266b-6dc7-4c5b-8183-9fc49869c77e,D41sy_,0,28/06/2026;21:17:26
39d1266b-6dc7-4c5b-8183-9fc49869c77e,D41sy_,28/06/2026;21:18:34,0
3c7db14d-ac4b-4e35-b2c6-3b2237f382be,Apple,28/06/2026;21:20:17,0
3c7db14d-ac4b-4e35-b2c6-3b2237f382be,Apple,0,28/06/2026;21:20:29
5cf5ba34-65be-42c1-b362-51cd4336427d,applehead,28/06/2026;21:20:31,0
5cf5ba34-65be-42c1-b362-51cd4336427d,applehead,0,28/06/2026;21:20:35
39d1266b-6dc7-4c5b-8183-9fc49869c77e,D41sy_,0,28/06/2026;21:21:24
1ccd7824-393d-4205-a094-ca73cb4cbe91,amogus,28/06/2026;21:21:30,0
1ccd7824-393d-4205-a094-ca73cb4cbe91,amogus,0,28/06/2026;21:21:40
6a13a2e7-49d8-4667-8515-4bc553e7eed8,Unfamiliarity,28/06/2026;21:21:49,0
6a13a2e7-49d8-4667-8515-4bc553e7eed8,Unfamiliarity,0,28/06/2026;21:21:54
39d1266b-6dc7-4c5b-8183-9fc49869c77e,D41sy_,28/06/2026;21:23:21,0
dd81ac6f-8caa-4c05-992b-41c465ff2f63,AFamiliarity,0,28/06/2026;21:25:03
39d1266b-6dc7-4c5b-8183-9fc49869c77e,D41sy_,0,28/06/2026;21:25:59
f79dd909-767b-4881-808f-79405f167858,ArgonOil39,0,28/06/2026;21:26:00
051c9aed-79e5-4f65-863c-b8b73458c3d9,CartoonInferior,0,28/06/2026;21:30:07
4f0bb989-983d-4c0c-bf94-4cfa784dca60,Geebly,0,28/06/2026;21:44:49
5f1716cf-1541-4485-bddc-c297ef66f5bd,_Hark,0,28/06/2026;21:48:12
bf58b239-1ea0-4a10-a57c-a57d2d7faa30,vivianholiday,28/06/2026;22:21:31,0
bf58b239-1ea0-4a10-a57c-a57d2d7faa30,vivianholiday,0,28/06/2026;22:23:32
bf58b239-1ea0-4a10-a57c-a57d2d7faa30,vivianholiday,28/06/2026;22:50:52,0
bf58b239-1ea0-4a10-a57c-a57d2d7faa30,vivianholiday,0,28/06/2026;22:55:46
b705ccdd-dd40-455b-b092-22b2011a57bf,Skywalkered,28/06/2026;23:01:29,0
c81acfdd-7406-4b3e-964c-d93556cf9559,starz3237,28/06/2026;23:33:13,0
c81acfdd-7406-4b3e-964c-d93556cf9559,starz3237,0,28/06/2026;23:38:47
b705ccdd-dd40-455b-b092-22b2011a57bf,Skywalkered,29/06/2026;00:09:56,0
bf58b239-1ea0-4a10-a57c-a57d2d7faa30,vivianholiday,29/06/2026;01:07:36,0
bf58b239-1ea0-4a10-a57c-a57d2d7faa30,vivianholiday,0,29/06/2026;01:28:20
b705ccdd-dd40-455b-b092-22b2011a57bf,Skywalkered,0,29/06/2026;01:35:03
e84ee678-1a9b-4517-a6ff-4c6199f1b782,Chittochi,29/06/2026;01:47:53,0
c81acfdd-7406-4b3e-964c-d93556cf9559,starz3237,29/06/2026;01:51:57,0
e84ee678-1a9b-4517-a6ff-4c6199f1b782,Chittochi,0,29/06/2026;02:10:05
86284d51-d216-4041-b3b3-a8f751ea05b3,maloyaroslavets,29/06/2026;02:24:06,0
bf58b239-1ea0-4a10-a57c-a57d2d7faa30,vivianholiday,29/06/2026;02:39:56,0
bf58b239-1ea0-4a10-a57c-a57d2d7faa30,vivianholiday,0,29/06/2026;03:21:08
86284d51-d216-4041-b3b3-a8f751ea05b3,maloyaroslavets,0,29/06/2026;03:21:09
c81acfdd-7406-4b3e-964c-d93556cf9559,starz3237,0,29/06/2026;03:21:17
c81acfdd-7406-4b3e-964c-d93556cf9559,starz3237,29/06/2026;03:21:23,0
bf58b239-1ea0-4a10-a57c-a57d2d7faa30,vivianholiday,29/06/2026;03:21:27,0
86284d51-d216-4041-b3b3-a8f751ea05b3,maloyaroslavets,29/06/2026;03:21:30,0
c81acfdd-7406-4b3e-964c-d93556cf9559,starz3237,0,29/06/2026;03:22:24
bf58b239-1ea0-4a10-a57c-a57d2d7faa30,vivianholiday,0,29/06/2026;03:22:25
86284d51-d216-4041-b3b3-a8f751ea05b3,maloyaroslavets,0,29/06/2026;03:22:31
bf58b239-1ea0-4a10-a57c-a57d2d7faa30,vivianholiday,29/06/2026;03:22:34,0
c81acfdd-7406-4b3e-964c-d93556cf9559,starz3237,29/06/2026;03:22:36,0
86284d51-d216-4041-b3b3-a8f751ea05b3,maloyaroslavets,29/06/2026;03:22:38,0
bf58b239-1ea0-4a10-a57c-a57d2d7faa30,vivianholiday,0,29/06/2026;03:27:35
c81acfdd-7406-4b3e-964c-d93556cf9559,starz3237,0,29/06/2026;03:27:38
86284d51-d216-4041-b3b3-a8f751ea05b3,maloyaroslavets,0,29/06/2026;03:27:38
c81acfdd-7406-4b3e-964c-d93556cf9559,starz3237,29/06/2026;03:27:40,0
86284d51-d216-4041-b3b3-a8f751ea05b3,maloyaroslavets,29/06/2026;03:27:45,0
bf58b239-1ea0-4a10-a57c-a57d2d7faa30,vivianholiday,29/06/2026;03:27:59,0
86284d51-d216-4041-b3b3-a8f751ea05b3,maloyaroslavets,0,29/06/2026;04:28:59
bf58b239-1ea0-4a10-a57c-a57d2d7faa30,vivianholiday,0,29/06/2026;05:19:46
86284d51-d216-4041-b3b3-a8f751ea05b3,maloyaroslavets,29/06/2026;05:55:23,0
0fc8752c-cafa-4570-a173-3dfa24336c11,KindaNiki,29/06/2026;07:00:29,0
0fc8752c-cafa-4570-a173-3dfa24336c11,KindaNiki,0,29/06/2026;07:10:52
0fc8752c-cafa-4570-a173-3dfa24336c11,KindaNiki,29/06/2026;07:11:00,0
c81acfdd-7406-4b3e-964c-d93556cf9559,starz3237,0,29/06/2026;07:21:22
c81acfdd-7406-4b3e-964c-d93556cf9559,starz3237,29/06/2026;07:22:24,0
dd81ac6f-8caa-4c05-992b-41c465ff2f63,AFamiliarity,29/06/2026;07:37:55,0
5f1716cf-1541-4485-bddc-c297ef66f5bd,_Hark,29/06/2026;07:50:24,0
a5090672-b495-4a40-8c9e-753fbad6d624,SleeperAgent,29/06/2026;08:11:15,0
a5090672-b495-4a40-8c9e-753fbad6d624,SleeperAgent,0,29/06/2026;08:24:30
a5090672-b495-4a40-8c9e-753fbad6d624,SleeperAgent,29/06/2026;08:24:54,0
a5090672-b495-4a40-8c9e-753fbad6d624,SleeperAgent,0,29/06/2026;08:38:42
a5090672-b495-4a40-8c9e-753fbad6d624,SleeperAgent,29/06/2026;08:39:01,0
c81acfdd-7406-4b3e-964c-d93556cf9559,starz3237,0,29/06/2026;08:39:30
86284d51-d216-4041-b3b3-a8f751ea05b3,maloyaroslavets,0,29/06/2026;08:40:51
de39000d-be60-46dc-be66-df635ce56023,Nyxiline,29/06/2026;08:41:20,0
c81acfdd-7406-4b3e-964c-d93556cf9559,starz3237,29/06/2026;08:44:49,0
ed44d55f-9f5b-42d5-8821-7499a9a558cf,DatGuYouKnow,29/06/2026;08:48:50,0
a5090672-b495-4a40-8c9e-753fbad6d624,SleeperAgent,0,29/06/2026;08:53:42
a5090672-b495-4a40-8c9e-753fbad6d624,SleeperAgent,29/06/2026;08:54:02,0
ed44d55f-9f5b-42d5-8821-7499a9a558cf,DatGuYouKnow,0,29/06/2026;08:54:06
0fc8752c-cafa-4570-a173-3dfa24336c11,KindaNiki,0,29/06/2026;08:54:16
ed44d55f-9f5b-42d5-8821-7499a9a558cf,DatGuYouKnow,29/06/2026;08:54:25,0
0fc8752c-cafa-4570-a173-3dfa24336c11,KindaNiki,29/06/2026;08:54:40,0
0fc8752c-cafa-4570-a173-3dfa24336c11,KindaNiki,0,29/06/2026;08:55:46
0fc8752c-cafa-4570-a173-3dfa24336c11,KindaNiki,29/06/2026;08:56:01,0
a5090672-b495-4a40-8c9e-753fbad6d624,SleeperAgent,0,29/06/2026;09:06:37
a5090672-b495-4a40-8c9e-753fbad6d624,SleeperAgent,29/06/2026;09:06:50,0
ed44d55f-9f5b-42d5-8821-7499a9a558cf,DatGuYouKnow,0,29/06/2026;09:26:35
ed44d55f-9f5b-42d5-8821-7499a9a558cf,DatGuYouKnow,29/06/2026;09:34:11,0
ed44d55f-9f5b-42d5-8821-7499a9a558cf,DatGuYouKnow,0,29/06/2026;09:51:59
ce0f19fe-7851-47d2-9f40-32f4c8e0e924,0NightSword,29/06/2026;10:04:33,0
c81acfdd-7406-4b3e-964c-d93556cf9559,starz3237,0,29/06/2026;10:28:54
c81acfdd-7406-4b3e-964c-d93556cf9559,starz3237,29/06/2026;10:28:55,0
de39000d-be60-46dc-be66-df635ce56023,Nyxiline,0,29/06/2026;10:44:40
39d1266b-6dc7-4c5b-8183-9fc49869c77e,D41sy_,29/06/2026;11:09:06,0
ce0f19fe-7851-47d2-9f40-32f4c8e0e924,0NightSword,0,29/06/2026;11:10:24
5f1716cf-1541-4485-bddc-c297ef66f5bd,_Hark,0,29/06/2026;11:22:01
5f1716cf-1541-4485-bddc-c297ef66f5bd,_Hark,29/06/2026;11:22:46,0
c81acfdd-7406-4b3e-964c-d93556cf9559,starz3237,0,29/06/2026;11:39:08
c81acfdd-7406-4b3e-964c-d93556cf9559,starz3237,29/06/2026;11:39:09,0
39d1266b-6dc7-4c5b-8183-9fc49869c77e,D41sy_,0,29/06/2026;11:41:01
0fc8752c-cafa-4570-a173-3dfa24336c11,KindaNiki,0,29/06/2026;11:47:21
dd81ac6f-8caa-4c05-992b-41c465ff2f63,AFamiliarity,0,29/06/2026;11:55:04
75f51159-85d3-42eb-9710-f6ec3ad348a0,SashKings,29/06/2026;12:05:32,0
ce0f19fe-7851-47d2-9f40-32f4c8e0e924,0NightSword,29/06/2026;12:15:14,0
dd81ac6f-8caa-4c05-992b-41c465ff2f63,AFamiliarity,29/06/2026;12:19:06,0
c81acfdd-7406-4b3e-964c-d93556cf9559,starz3237,0,29/06/2026;12:52:04
c81acfdd-7406-4b3e-964c-d93556cf9559,starz3237,29/06/2026;12:52:05,0
39d1266b-6dc7-4c5b-8183-9fc49869c77e,D41sy_,29/06/2026;13:02:28,0
5f1716cf-1541-4485-bddc-c297ef66f5bd,_Hark,0,29/06/2026;13:05:57
39d1266b-6dc7-4c5b-8183-9fc49869c77e,D41sy_,0,29/06/2026;13:11:32
f79dd909-767b-4881-808f-79405f167858,ArgonOil39,29/06/2026;13:31:24,0
39d1266b-6dc7-4c5b-8183-9fc49869c77e,D41sy_,29/06/2026;13:37:21,0
c81acfdd-7406-4b3e-964c-d93556cf9559,starz3237,0,29/06/2026;13:58:58
c81acfdd-7406-4b3e-964c-d93556cf9559,starz3237,29/06/2026;13:59:00,0
dd81ac6f-8caa-4c05-992b-41c465ff2f63,AFamiliarity,0,29/06/2026;14:10:15
5f1716cf-1541-4485-bddc-c297ef66f5bd,_Hark,29/06/2026;14:14:54,0
dd81ac6f-8caa-4c05-992b-41c465ff2f63,AFamiliarity,29/06/2026;14:18:44,0
e84ee678-1a9b-4517-a6ff-4c6199f1b782,Chittochi,29/06/2026;14:32:21,0
75f51159-85d3-42eb-9710-f6ec3ad348a0,SashKings,0,29/06/2026;14:45:16
ce0f19fe-7851-47d2-9f40-32f4c8e0e924,0NightSword,0,29/06/2026;14:47:39
33a27411-7886-4c65-8eb1-1b55b6f4184d,Kleptoplasm,29/06/2026;14:49:13,0
8667ba71-b85a-4004-af54-457a9734eed7,Steve,29/06/2026;14:51:21,0
8667ba71-b85a-4004-af54-457a9734eed7,Steve,0,29/06/2026;14:51:25
ec561538-f3fd-461d-aff5-086b22154bce,Alex,29/06/2026;14:51:33,0
ec561538-f3fd-461d-aff5-086b22154bce,Alex,0,29/06/2026;14:52:22
f79dd909-767b-4881-808f-79405f167858,ArgonOil39,0,29/06/2026;14:53:43
33a27411-7886-4c65-8eb1-1b55b6f4184d,Kleptoplasm,0,29/06/2026;14:56:00
4f0bb989-983d-4c0c-bf94-4cfa784dca60,Geebly,29/06/2026;14:57:20,0
4f0bb989-983d-4c0c-bf94-4cfa784dca60,Geebly,0,29/06/2026;14:58:34
dc5002ff-88e8-49b5-917b-c8a8e27382e5,_Kxks,29/06/2026;15:12:25,0
ec7096b9-d6d0-4984-8580-9a334b7b70c9,Veztrix,29/06/2026;15:20:13,0
f79dd909-767b-4881-808f-79405f167858,ArgonOil39,29/06/2026;15:21:41,0
f79dd909-767b-4881-808f-79405f167858,ArgonOil39,0,29/06/2026;15:27:41
5f1716cf-1541-4485-bddc-c297ef66f5bd,_Hark,0,29/06/2026;15:40:17
ec7096b9-d6d0-4984-8580-9a334b7b70c9,Veztrix,0,29/06/2026;15:48:27
ad659a4d-1c34-45db-a7fe-934f5d42ac57,TheDawcter,29/06/2026;15:49:47,0
8e598f9b-ff76-405a-9368-3f0925163b6a,MoldyNeptune,29/06/2026;15:50:19,0
39d1266b-6dc7-4c5b-8183-9fc49869c77e,D41sy_,0,29/06/2026;15:54:57
4f0bb989-983d-4c0c-bf94-4cfa784dca60,Geebly,29/06/2026;15:58:09,0
e84ee678-1a9b-4517-a6ff-4c6199f1b782,Chittochi,0,29/06/2026;16:03:10
dd81ac6f-8caa-4c05-992b-41c465ff2f63,AFamiliarity,0,29/06/2026;16:03:26
39d1266b-6dc7-4c5b-8183-9fc49869c77e,D41sy_,29/06/2026;16:04:35,0
39d1266b-6dc7-4c5b-8183-9fc49869c77e,D41sy_,0,29/06/2026;16:05:15
dc5002ff-88e8-49b5-917b-c8a8e27382e5,_Kxks,0,29/06/2026;16:06:46
ec7096b9-d6d0-4984-8580-9a334b7b70c9,Veztrix,29/06/2026;16:09:16,0
ec7096b9-d6d0-4984-8580-9a334b7b70c9,Veztrix,0,29/06/2026;16:10:06
ad659a4d-1c34-45db-a7fe-934f5d42ac57,TheDawcter,0,29/06/2026;16:19:31
dc5002ff-88e8-49b5-917b-c8a8e27382e5,_Kxks,29/06/2026;16:23:28,0
dc5002ff-88e8-49b5-917b-c8a8e27382e5,_Kxks,0,29/06/2026;16:24:58
dd81ac6f-8caa-4c05-992b-41c465ff2f63,AFamiliarity,29/06/2026;16:44:24,0
dd81ac6f-8caa-4c05-992b-41c465ff2f63,AFamiliarity,0,29/06/2026;16:50:43
b705ccdd-dd40-455b-b092-22b2011a57bf,Skywalkered,29/06/2026;16:50:53,0
4f0bb989-983d-4c0c-bf94-4cfa784dca60,Geebly,0,29/06/2026;17:03:14
c81acfdd-7406-4b3e-964c-d93556cf9559,starz3237,0,29/06/2026;17:18:26
c81acfdd-7406-4b3e-964c-d93556cf9559,starz3237,29/06/2026;17:19:08,0
b705ccdd-dd40-455b-b092-22b2011a57bf,Skywalkered,0,29/06/2026;17:19:48
b705ccdd-dd40-455b-b092-22b2011a57bf,Skywalkered,29/06/2026;17:19:56,0
b705ccdd-dd40-455b-b092-22b2011a57bf,Skywalkered,0,29/06/2026;17:22:25
b705ccdd-dd40-455b-b092-22b2011a57bf,Skywalkered,29/06/2026;17:22:32,0
39d1266b-6dc7-4c5b-8183-9fc49869c77e,D41sy_,29/06/2026;17:26:33,0
b705ccdd-dd40-455b-b092-22b2011a57bf,Skywalkered,0,29/06/2026;17:51:10
b705ccdd-dd40-455b-b092-22b2011a57bf,Skywalkered,29/06/2026;17:51:15,0
4f0bb989-983d-4c0c-bf94-4cfa784dca60,Geebly,29/06/2026;17:52:04,0
dd81ac6f-8caa-4c05-992b-41c465ff2f63,AFamiliarity,29/06/2026;17:57:23,0
39d1266b-6dc7-4c5b-8183-9fc49869c77e,D41sy_,0,29/06/2026;18:21:14
39d1266b-6dc7-4c5b-8183-9fc49869c77e,D41sy_,29/06/2026;18:21:19,0
a5090672-b495-4a40-8c9e-753fbad6d624,SleeperAgent,0,29/06/2026;18:28:00
39d1266b-6dc7-4c5b-8183-9fc49869c77e,D41sy_,0,29/06/2026;18:29:44
39d1266b-6dc7-4c5b-8183-9fc49869c77e,D41sy_,29/06/2026;18:38:51,0
7c75b21e-8e65-4fef-8043-dbb0e7d21439,oneGhost_,29/06/2026;18:48:10,0
de39000d-be60-46dc-be66-df635ce56023,Nyxiline,29/06/2026;18:48:21,0
b705ccdd-dd40-455b-b092-22b2011a57bf,Skywalkered,0,29/06/2026;18:49:55
b705ccdd-dd40-455b-b092-22b2011a57bf,Skywalkered,29/06/2026;18:50:27,0
236a2c52-3e56-4f3f-a05a-5a884607454a,wamchii,29/06/2026;18:51:22,0
dd81ac6f-8caa-4c05-992b-41c465ff2f63,AFamiliarity,0,29/06/2026;18:51:45
7c75b21e-8e65-4fef-8043-dbb0e7d21439,oneGhost_,0,29/06/2026;18:55:48
39d1266b-6dc7-4c5b-8183-9fc49869c77e,D41sy_,0,29/06/2026;19:21:35
dc5002ff-88e8-49b5-917b-c8a8e27382e5,_Kxks,29/06/2026;19:22:45,0
dc5002ff-88e8-49b5-917b-c8a8e27382e5,_Kxks,0,29/06/2026;19:24:35
dc5002ff-88e8-49b5-917b-c8a8e27382e5,_Kxks,29/06/2026;19:24:41,0
39d1266b-6dc7-4c5b-8183-9fc49869c77e,D41sy_,29/06/2026;19:26:05,0
dd81ac6f-8caa-4c05-992b-41c465ff2f63,AFamiliarity,29/06/2026;19:41:08,0
236a2c52-3e56-4f3f-a05a-5a884607454a,wamchii,0,29/06/2026;19:43:18
2c4eae00-246b-4a43-ada8-bbad2e41732b,PvpNinjaPro,29/06/2026;19:47:28,0
dc5002ff-88e8-49b5-917b-c8a8e27382e5,_Kxks,0,29/06/2026;19:47:37
dc5002ff-88e8-49b5-917b-c8a8e27382e5,_Kxks,29/06/2026;19:47:41,0
dc5002ff-88e8-49b5-917b-c8a8e27382e5,_Kxks,0,29/06/2026;19:49:58
dc5002ff-88e8-49b5-917b-c8a8e27382e5,_Kxks,29/06/2026;19:50:35,0
39d1266b-6dc7-4c5b-8183-9fc49869c77e,D41sy_,0,29/06/2026;19:52:56
2c4eae00-246b-4a43-ada8-bbad2e41732b,PvpNinjaPro,0,29/06/2026;19:53:10
c81acfdd-7406-4b3e-964c-d93556cf9559,starz3237,0,29/06/2026;19:53:57
c81acfdd-7406-4b3e-964c-d93556cf9559,starz3237,29/06/2026;19:54:25,0
2c4eae00-246b-4a43-ada8-bbad2e41732b,PvpNinjaPro,29/06/2026;19:54:53,0
5f1716cf-1541-4485-bddc-c297ef66f5bd,_Hark,29/06/2026;20:03:08,0
5f1716cf-1541-4485-bddc-c297ef66f5bd,_Hark,0,29/06/2026;20:03:46
5f1716cf-1541-4485-bddc-c297ef66f5bd,_Hark,29/06/2026;20:04:15,0
39d1266b-6dc7-4c5b-8183-9fc49869c77e,D41sy_,29/06/2026;20:23:58,0
dd81ac6f-8caa-4c05-992b-41c465ff2f63,AFamiliarity,0,29/06/2026;20:25:45
f79dd909-767b-4881-808f-79405f167858,ArgonOil39,29/06/2026;20:26:12,0
dc5002ff-88e8-49b5-917b-c8a8e27382e5,_Kxks,0,29/06/2026;20:30:29
2c4eae00-246b-4a43-ada8-bbad2e41732b,PvpNinjaPro,0,29/06/2026;20:31:40
e84ee678-1a9b-4517-a6ff-4c6199f1b782,Chittochi,29/06/2026;20:34:28,0
2c4eae00-246b-4a43-ada8-bbad2e41732b,PvpNinjaPro,29/06/2026;20:35:30,0
f79dd909-767b-4881-808f-79405f167858,ArgonOil39,0,29/06/2026;20:36:02
f79dd909-767b-4881-808f-79405f167858,ArgonOil39,29/06/2026;20:36:06,0
e84ee678-1a9b-4517-a6ff-4c6199f1b782,Chittochi,0,29/06/2026;20:44:08
dd81ac6f-8caa-4c05-992b-41c465ff2f63,AFamiliarity,29/06/2026;20:46:29,0
64a4e6a2-7f07-4abc-baec-1706c87692fe,TUFF,29/06/2026;20:52:42,0
64a4e6a2-7f07-4abc-baec-1706c87692fe,TUFF,0,29/06/2026;20:52:48
4f0bb989-983d-4c0c-bf94-4cfa784dca60,Geebly,0,29/06/2026;20:55:23
2c4eae00-246b-4a43-ada8-bbad2e41732b,PvpNinjaPro,0,29/06/2026;21:00:05
2c4eae00-246b-4a43-ada8-bbad2e41732b,PvpNinjaPro,29/06/2026;21:01:47,0
b705ccdd-dd40-455b-b092-22b2011a57bf,Skywalkered,0,29/06/2026;21:06:46
b705ccdd-dd40-455b-b092-22b2011a57bf,Skywalkered,29/06/2026;21:06:51,0
5f1716cf-1541-4485-bddc-c297ef66f5bd,_Hark,0,29/06/2026;21:10:49
2c4eae00-246b-4a43-ada8-bbad2e41732b,PvpNinjaPro,0,29/06/2026;21:11:41
c81acfdd-7406-4b3e-964c-d93556cf9559,starz3237,0,29/06/2026;21:13:55
2c4eae00-246b-4a43-ada8-bbad2e41732b,PvpNinjaPro,29/06/2026;21:14:07,0
dd81ac6f-8caa-4c05-992b-41c465ff2f63,AFamiliarity,0,29/06/2026;21:15:49
de39000d-be60-46dc-be66-df635ce56023,Nyxiline,0,29/06/2026;21:16:08
bdab3c84-d743-45e6-b8ce-e1bbbfdb4343,DollTime,29/06/2026;21:20:23,0
c81acfdd-7406-4b3e-964c-d93556cf9559,starz3237,29/06/2026;21:20:58,0
bf58b239-1ea0-4a10-a57c-a57d2d7faa30,vivianholiday,29/06/2026;21:21:54,0
bf58b239-1ea0-4a10-a57c-a57d2d7faa30,vivianholiday,0,29/06/2026;21:22:26
bf58b239-1ea0-4a10-a57c-a57d2d7faa30,vivianholiday,29/06/2026;21:24:58,0
dd81ac6f-8caa-4c05-992b-41c465ff2f63,AFamiliarity,29/06/2026;21:27:54,0
dd81ac6f-8caa-4c05-992b-41c465ff2f63,AFamiliarity,0,29/06/2026;21:27:58
dd81ac6f-8caa-4c05-992b-41c465ff2f63,AFamiliarity,29/06/2026;21:28:16,0
dd81ac6f-8caa-4c05-992b-41c465ff2f63,AFamiliarity,0,29/06/2026;21:29:45
dd81ac6f-8caa-4c05-992b-41c465ff2f63,AFamiliarity,29/06/2026;21:29:49,0
dd81ac6f-8caa-4c05-992b-41c465ff2f63,AFamiliarity,0,29/06/2026;21:30:25
dd81ac6f-8caa-4c05-992b-41c465ff2f63,AFamiliarity,29/06/2026;21:31:18,0
0fc8752c-cafa-4570-a173-3dfa24336c11,KindaNiki,29/06/2026;21:34:24,0
86284d51-d216-4041-b3b3-a8f751ea05b3,maloyaroslavets,29/06/2026;21:36:37,0
0fc8752c-cafa-4570-a173-3dfa24336c11,KindaNiki,0,29/06/2026;21:39:27
2c4eae00-246b-4a43-ada8-bbad2e41732b,PvpNinjaPro,0,29/06/2026;21:47:56
bdab3c84-d743-45e6-b8ce-e1bbbfdb4343,DollTime,0,29/06/2026;22:01:38
8e598f9b-ff76-405a-9368-3f0925163b6a,MoldyNeptune,0,29/06/2026;22:10:32
8e598f9b-ff76-405a-9368-3f0925163b6a,MoldyNeptune,29/06/2026;22:14:04,0
ec7096b9-d6d0-4984-8580-9a334b7b70c9,Veztrix,29/06/2026;22:29:16,0
c81acfdd-7406-4b3e-964c-d93556cf9559,starz3237,0,29/06/2026;22:29:59
f79dd909-767b-4881-808f-79405f167858,ArgonOil39,0,29/06/2026;22:40:54
f79dd909-767b-4881-808f-79405f167858,ArgonOil39,29/06/2026;22:41:42,0
86284d51-d216-4041-b3b3-a8f751ea05b3,maloyaroslavets,0,29/06/2026;22:46:10
39d1266b-6dc7-4c5b-8183-9fc49869c77e,D41sy_,0,29/06/2026;22:46:33
86284d51-d216-4041-b3b3-a8f751ea05b3,maloyaroslavets,29/06/2026;22:47:29,0
dd81ac6f-8caa-4c05-992b-41c465ff2f63,AFamiliarity,0,29/06/2026;23:07:21
86284d51-d216-4041-b3b3-a8f751ea05b3,maloyaroslavets,0,29/06/2026;23:27:02
8e598f9b-ff76-405a-9368-3f0925163b6a,MoldyNeptune,0,29/06/2026;23:32:44
86284d51-d216-4041-b3b3-a8f751ea05b3,maloyaroslavets,29/06/2026;23:32:46,0
f79dd909-767b-4881-808f-79405f167858,ArgonOil39,0,29/06/2026;23:36:14
ec7096b9-d6d0-4984-8580-9a334b7b70c9,Veztrix,0,30/06/2026;00:03:10
b705ccdd-dd40-455b-b092-22b2011a57bf,Skywalkered,30/06/2026;00:08:58,0
86284d51-d216-4041-b3b3-a8f751ea05b3,maloyaroslavets,30/06/2026;00:09:04,0
dd81ac6f-8caa-4c05-992b-41c465ff2f63,AFamiliarity,30/06/2026;00:09:41,0
b705ccdd-dd40-455b-b092-22b2011a57bf,Skywalkered,0,30/06/2026;00:10:53
bf58b239-1ea0-4a10-a57c-a57d2d7faa30,vivianholiday,30/06/2026;00:11:05,0
b705ccdd-dd40-455b-b092-22b2011a57bf,Skywalkered,30/06/2026;00:11:05,0
dd81ac6f-8caa-4c05-992b-41c465ff2f63,AFamiliarity,0,30/06/2026;00:12:29
86284d51-d216-4041-b3b3-a8f751ea05b3,maloyaroslavets,30/06/2026;00:19:02,0
bf58b239-1ea0-4a10-a57c-a57d2d7faa30,vivianholiday,30/06/2026;00:19:11,0
b705ccdd-dd40-455b-b092-22b2011a57bf,Skywalkered,30/06/2026;00:20:05,0
bf58b239-1ea0-4a10-a57c-a57d2d7faa30,vivianholiday,0,30/06/2026;00:33:50
7bec3e49-61c6-4a2e-9f16-719bffc434ec,MaximusPrimed,30/06/2026;01:45:22,0
b705ccdd-dd40-455b-b092-22b2011a57bf,Skywalkered,0,30/06/2026;02:48:41
c81acfdd-7406-4b3e-964c-d93556cf9559,starz3237,30/06/2026;02:56:35,0
bf58b239-1ea0-4a10-a57c-a57d2d7faa30,vivianholiday,30/06/2026;02:59:47,0
bf58b239-1ea0-4a10-a57c-a57d2d7faa30,vivianholiday,0,30/06/2026;03:01:02
bf58b239-1ea0-4a10-a57c-a57d2d7faa30,vivianholiday,30/06/2026;03:03:08,0
bf58b239-1ea0-4a10-a57c-a57d2d7faa30,vivianholiday,0,30/06/2026;03:45:23
bf58b239-1ea0-4a10-a57c-a57d2d7faa30,vivianholiday,30/06/2026;05:16:43,0
7bec3e49-61c6-4a2e-9f16-719bffc434ec,MaximusPrimed,0,30/06/2026;07:33:21
de39000d-be60-46dc-be66-df635ce56023,Nyxiline,30/06/2026;07:38:36,0
86284d51-d216-4041-b3b3-a8f751ea05b3,maloyaroslavets,0,30/06/2026;07:38:47
bf58b239-1ea0-4a10-a57c-a57d2d7faa30,vivianholiday,0,30/06/2026;07:51:14
ac435971-bfb7-4f5e-a9ea-32335a2acee2,Riotte,30/06/2026;08:16:52,0
c81acfdd-7406-4b3e-964c-d93556cf9559,starz3237,0,30/06/2026;09:19:02
5f1716cf-1541-4485-bddc-c297ef66f5bd,_Hark,30/06/2026;09:19:06,0
c81acfdd-7406-4b3e-964c-d93556cf9559,starz3237,30/06/2026;09:22:17,0
ed44d55f-9f5b-42d5-8821-7499a9a558cf,DatGuYouKnow,30/06/2026;09:50:16,0
ed44d55f-9f5b-42d5-8821-7499a9a558cf,DatGuYouKnow,0,30/06/2026;09:50:39
ed44d55f-9f5b-42d5-8821-7499a9a558cf,DatGuYouKnow,30/06/2026;09:51:20,0
ed44d55f-9f5b-42d5-8821-7499a9a558cf,DatGuYouKnow,0,30/06/2026;09:51:50
ed44d55f-9f5b-42d5-8821-7499a9a558cf,DatGuYouKnow,30/06/2026;09:51:57,0
ed44d55f-9f5b-42d5-8821-7499a9a558cf,DatGuYouKnow,0,30/06/2026;09:52:27
ed44d55f-9f5b-42d5-8821-7499a9a558cf,DatGuYouKnow,30/06/2026;09:52:34,0
de39000d-be60-46dc-be66-df635ce56023,Nyxiline,0,30/06/2026;10:08:20
de39000d-be60-46dc-be66-df635ce56023,Nyxiline,30/06/2026;10:11:50,0
ed44d55f-9f5b-42d5-8821-7499a9a558cf,DatGuYouKnow,0,30/06/2026;10:21:36
de39000d-be60-46dc-be66-df635ce56023,Nyxiline,0,30/06/2026;10:47:17
ac435971-bfb7-4f5e-a9ea-32335a2acee2,Riotte,0,30/06/2026;11:00:57
de39000d-be60-46dc-be66-df635ce56023,Nyxiline,30/06/2026;11:02:39,0
5f1716cf-1541-4485-bddc-c297ef66f5bd,_Hark,0,30/06/2026;11:37:48
c81acfdd-7406-4b3e-964c-d93556cf9559,starz3237,0,30/06/2026;12:01:39
ce0f19fe-7851-47d2-9f40-32f4c8e0e924,0NightSword,30/06/2026;12:10:26,0
bdab3c84-d743-45e6-b8ce-e1bbbfdb4343,DollTime,30/06/2026;12:30:40,0
7c75b21e-8e65-4fef-8043-dbb0e7d21439,oneGhost_,30/06/2026;12:38:46,0
7c75b21e-8e65-4fef-8043-dbb0e7d21439,oneGhost_,0,30/06/2026;12:55:02
afb8452f-c87a-491f-9913-33c15032055e,iamstormbound,30/06/2026;12:58:21,0
7c75b21e-8e65-4fef-8043-dbb0e7d21439,oneGhost_,30/06/2026;12:58:43,0
b705ccdd-dd40-455b-b092-22b2011a57bf,Skywalkered,30/06/2026;13:17:48,0
ce0f19fe-7851-47d2-9f40-32f4c8e0e924,0NightSword,0,30/06/2026;13:54:00
f79dd909-767b-4881-808f-79405f167858,ArgonOil39,30/06/2026;13:54:57,0
ce0f19fe-7851-47d2-9f40-32f4c8e0e924,0NightSword,30/06/2026;13:55:05,0
de39000d-be60-46dc-be66-df635ce56023,Nyxiline,0,30/06/2026;14:14:09
de39000d-be60-46dc-be66-df635ce56023,Nyxiline,30/06/2026;14:15:06,0
bdab3c84-d743-45e6-b8ce-e1bbbfdb4343,DollTime,0,30/06/2026;14:17:44
39d1266b-6dc7-4c5b-8183-9fc49869c77e,D41sy_,30/06/2026;14:20:07,0
39d1266b-6dc7-4c5b-8183-9fc49869c77e,D41sy_,0,30/06/2026;14:21:46
39d1266b-6dc7-4c5b-8183-9fc49869c77e,D41sy_,30/06/2026;14:23:17,0
b705ccdd-dd40-455b-b092-22b2011a57bf,Skywalkered,0,30/06/2026;14:25:25
b705ccdd-dd40-455b-b092-22b2011a57bf,Skywalkered,30/06/2026;14:26:02,0
f79dd909-767b-4881-808f-79405f167858,ArgonOil39,0,30/06/2026;14:31:27
f79dd909-767b-4881-808f-79405f167858,ArgonOil39,30/06/2026;14:31:41,0
f79dd909-767b-4881-808f-79405f167858,ArgonOil39,0,30/06/2026;14:31:45
ce0f19fe-7851-47d2-9f40-32f4c8e0e924,0NightSword,0,30/06/2026;14:34:48
dc5002ff-88e8-49b5-917b-c8a8e27382e5,_Kxks,30/06/2026;14:37:06,0
ce0f19fe-7851-47d2-9f40-32f4c8e0e924,0NightSword,30/06/2026;14:41:02,0
f79dd909-767b-4881-808f-79405f167858,ArgonOil39,30/06/2026;14:51:02,0
f79dd909-767b-4881-808f-79405f167858,ArgonOil39,0,30/06/2026;14:53:02
f79dd909-767b-4881-808f-79405f167858,ArgonOil39,30/06/2026;14:53:05,0
f79dd909-767b-4881-808f-79405f167858,ArgonOil39,0,30/06/2026;14:53:08
7c75b21e-8e65-4fef-8043-dbb0e7d21439,oneGhost_,0,30/06/2026;15:02:27
7c75b21e-8e65-4fef-8043-dbb0e7d21439,oneGhost_,30/06/2026;15:03:58,0
dc5002ff-88e8-49b5-917b-c8a8e27382e5,_Kxks,0,30/06/2026;15:13:23
4f0bb989-983d-4c0c-bf94-4cfa784dca60,Geebly,30/06/2026;15:13:48,0
ce0f19fe-7851-47d2-9f40-32f4c8e0e924,0NightSword,0,30/06/2026;15:32:22
f4b36e9b-093b-4899-bda8-0475423c4136,Snaleub_CR,30/06/2026;15:41:28,0
f4b36e9b-093b-4899-bda8-0475423c4136,Snaleub_CR,0,30/06/2026;15:49:45
f4b36e9b-093b-4899-bda8-0475423c4136,Snaleub_CR,30/06/2026;15:51:24,0
b705ccdd-dd40-455b-b092-22b2011a57bf,Skywalkered,0,30/06/2026;15:51:28
39d1266b-6dc7-4c5b-8183-9fc49869c77e,D41sy_,0,30/06/2026;15:58:05
4f0bb989-983d-4c0c-bf94-4cfa784dca60,Geebly,0,30/06/2026;16:00:04
f4b36e9b-093b-4899-bda8-0475423c4136,Snaleub_CR,0,30/06/2026;16:01:47
f4b36e9b-093b-4899-bda8-0475423c4136,Snaleub_CR,30/06/2026;16:06:15,0
f4b36e9b-093b-4899-bda8-0475423c4136,Snaleub_CR,0,30/06/2026;16:13:12
afb8452f-c87a-491f-9913-33c15032055e,iamstormbound,0,30/06/2026;16:17:54
de39000d-be60-46dc-be66-df635ce56023,Nyxiline,0,30/06/2026;16:18:36
4f0bb989-983d-4c0c-bf94-4cfa784dca60,Geebly,30/06/2026;16:28:18,0
bdab3c84-d743-45e6-b8ce-e1bbbfdb4343,DollTime,30/06/2026;16:52:13,0
bdab3c84-d743-45e6-b8ce-e1bbbfdb4343,DollTime,0,30/06/2026;17:10:09
ce0f19fe-7851-47d2-9f40-32f4c8e0e924,0NightSword,30/06/2026;17:15:26,0
4f0bb989-983d-4c0c-bf94-4cfa784dca60,Geebly,0,30/06/2026;17:19:13
4f0bb989-983d-4c0c-bf94-4cfa784dca60,Geebly,30/06/2026;17:22:56,0
ce0f19fe-7851-47d2-9f40-32f4c8e0e924,0NightSword,0,30/06/2026;17:23:11
ce0f19fe-7851-47d2-9f40-32f4c8e0e924,0NightSword,30/06/2026;17:27:09,0
bdab3c84-d743-45e6-b8ce-e1bbbfdb4343,DollTime,30/06/2026;17:31:40,0
de39000d-be60-46dc-be66-df635ce56023,Nyxiline,30/06/2026;17:43:15,0
ce0f19fe-7851-47d2-9f40-32f4c8e0e924,0NightSword,0,30/06/2026;18:07:51
2c4eae00-246b-4a43-ada8-bbad2e41732b,PvpNinjaPro,30/06/2026;18:08:26,0
ce0f19fe-7851-47d2-9f40-32f4c8e0e924,0NightSword,30/06/2026;18:18:52,0
bdab3c84-d743-45e6-b8ce-e1bbbfdb4343,DollTime,0,30/06/2026;18:31:23
b705ccdd-dd40-455b-b092-22b2011a57bf,Skywalkered,30/06/2026;18:43:07,0
4f0bb989-983d-4c0c-bf94-4cfa784dca60,Geebly,0,30/06/2026;18:51:14
4f0bb989-983d-4c0c-bf94-4cfa784dca60,Geebly,30/06/2026;18:51:36,0
39d1266b-6dc7-4c5b-8183-9fc49869c77e,D41sy_,30/06/2026;19:10:17,0
ce0f19fe-7851-47d2-9f40-32f4c8e0e924,0NightSword,0,30/06/2026;19:12:25
de39000d-be60-46dc-be66-df635ce56023,Nyxiline,0,30/06/2026;19:12:27
de39000d-be60-46dc-be66-df635ce56023,Nyxiline,30/06/2026;19:13:36,0
bdab3c84-d743-45e6-b8ce-e1bbbfdb4343,DollTime,30/06/2026;19:26:08,0
f79dd909-767b-4881-808f-79405f167858,ArgonOil39,30/06/2026;19:30:37,0
f79dd909-767b-4881-808f-79405f167858,ArgonOil39,0,30/06/2026;19:32:34
f79dd909-767b-4881-808f-79405f167858,ArgonOil39,30/06/2026;19:35:43,0
7bec3e49-61c6-4a2e-9f16-719bffc434ec,MaximusPrimed,30/06/2026;19:55:43,0
7bec3e49-61c6-4a2e-9f16-719bffc434ec,MaximusPrimed,0,30/06/2026;20:06:11
2c4eae00-246b-4a43-ada8-bbad2e41732b,PvpNinjaPro,0,30/06/2026;20:12:52
bdab3c84-d743-45e6-b8ce-e1bbbfdb4343,DollTime,0,30/06/2026;20:26:15
f79dd909-767b-4881-808f-79405f167858,ArgonOil39,0,30/06/2026;20:30:41
f79dd909-767b-4881-808f-79405f167858,ArgonOil39,30/06/2026;20:30:44,0
86284d51-d216-4041-b3b3-a8f751ea05b3,maloyaroslavets,30/06/2026;20:32:21,0
f79dd909-767b-4881-808f-79405f167858,ArgonOil39,0,30/06/2026;20:32:28
f79dd909-767b-4881-808f-79405f167858,ArgonOil39,30/06/2026;20:32:35,0
f79dd909-767b-4881-808f-79405f167858,ArgonOil39,0,30/06/2026;20:33:33
f79dd909-767b-4881-808f-79405f167858,ArgonOil39,30/06/2026;20:33:49,0
f79dd909-767b-4881-808f-79405f167858,ArgonOil39,0,30/06/2026;20:41:39
f79dd909-767b-4881-808f-79405f167858,ArgonOil39,30/06/2026;20:41:42,0
4f0bb989-983d-4c0c-bf94-4cfa784dca60,Geebly,0,30/06/2026;20:59:37
de39000d-be60-46dc-be66-df635ce56023,Nyxiline,0,30/06/2026;21:01:01
75f51159-85d3-42eb-9710-f6ec3ad348a0,SashKings,30/06/2026;21:09:50,0
4f0bb989-983d-4c0c-bf94-4cfa784dca60,Geebly,30/06/2026;21:19:50,0
f79dd909-767b-4881-808f-79405f167858,ArgonOil39,0,30/06/2026;21:52:24
7c75b21e-8e65-4fef-8043-dbb0e7d21439,oneGhost_,0,30/06/2026;22:02:14
7c75b21e-8e65-4fef-8043-dbb0e7d21439,oneGhost_,30/06/2026;22:02:24,0
39d1266b-6dc7-4c5b-8183-9fc49869c77e,D41sy_,0,30/06/2026;22:03:21
86284d51-d216-4041-b3b3-a8f751ea05b3,maloyaroslavets,0,30/06/2026;22:08:27
86284d51-d216-4041-b3b3-a8f751ea05b3,maloyaroslavets,30/06/2026;22:08:42,0
4f0bb989-983d-4c0c-bf94-4cfa784dca60,Geebly,0,30/06/2026;22:28:38
b705ccdd-dd40-455b-b092-22b2011a57bf,Skywalkered,0,30/06/2026;22:35:34
ed44d55f-9f5b-42d5-8821-7499a9a558cf,DatGuYouKnow,30/06/2026;23:08:38,0
ed44d55f-9f5b-42d5-8821-7499a9a558cf,DatGuYouKnow,0,30/06/2026;23:09:02
ed44d55f-9f5b-42d5-8821-7499a9a558cf,DatGuYouKnow,30/06/2026;23:09:10,0
ed44d55f-9f5b-42d5-8821-7499a9a558cf,DatGuYouKnow,0,30/06/2026;23:09:25
86284d51-d216-4041-b3b3-a8f751ea05b3,maloyaroslavets,0,30/06/2026;23:09:27
ed44d55f-9f5b-42d5-8821-7499a9a558cf,DatGuYouKnow,30/06/2026;23:09:34,0
86284d51-d216-4041-b3b3-a8f751ea05b3,maloyaroslavets,30/06/2026;23:10:21,0
75f51159-85d3-42eb-9710-f6ec3ad348a0,SashKings,0,30/06/2026;23:20:14
86284d51-d216-4041-b3b3-a8f751ea05b3,maloyaroslavets,0,30/06/2026;23:31:10
86284d51-d216-4041-b3b3-a8f751ea05b3,maloyaroslavets,30/06/2026;23:32:02,0
86284d51-d216-4041-b3b3-a8f751ea05b3,maloyaroslavets,0,01/07/2026;00:06:52
86284d51-d216-4041-b3b3-a8f751ea05b3,maloyaroslavets,01/07/2026;00:08:30,0
ed44d55f-9f5b-42d5-8821-7499a9a558cf,DatGuYouKnow,0,01/07/2026;00:08:32
7c75b21e-8e65-4fef-8043-dbb0e7d21439,oneGhost_,01/07/2026;00:08:56,0
86284d51-d216-4041-b3b3-a8f751ea05b3,maloyaroslavets,01/07/2026;00:08:56,0
86284d51-d216-4041-b3b3-a8f751ea05b3,maloyaroslavets,0,01/07/2026;00:16:58
86284d51-d216-4041-b3b3-a8f751ea05b3,maloyaroslavets,01/07/2026;00:18:26,0
7c75b21e-8e65-4fef-8043-dbb0e7d21439,oneGhost_,0,01/07/2026;00:51:12
f4b36e9b-093b-4899-bda8-0475423c4136,Snaleub_CR,01/07/2026;00:54:54,0
ed44d55f-9f5b-42d5-8821-7499a9a558cf,DatGuYouKnow,01/07/2026;00:57:27,0
ed44d55f-9f5b-42d5-8821-7499a9a558cf,DatGuYouKnow,0,01/07/2026;00:57:48
ed44d55f-9f5b-42d5-8821-7499a9a558cf,DatGuYouKnow,01/07/2026;00:57:59,0
f4b36e9b-093b-4899-bda8-0475423c4136,Snaleub_CR,0,01/07/2026;00:59:57
86284d51-d216-4041-b3b3-a8f751ea05b3,maloyaroslavets,0,01/07/2026;01:34:04
86284d51-d216-4041-b3b3-a8f751ea05b3,maloyaroslavets,01/07/2026;01:37:02,0
c81acfdd-7406-4b3e-964c-d93556cf9559,starz3237,01/07/2026;02:05:23,0
e84ee678-1a9b-4517-a6ff-4c6199f1b782,Chittochi,01/07/2026;02:42:57,0
ed44d55f-9f5b-42d5-8821-7499a9a558cf,DatGuYouKnow,0,01/07/2026;02:43:49
7bec3e49-61c6-4a2e-9f16-719bffc434ec,MaximusPrimed,01/07/2026;02:49:21,0
e84ee678-1a9b-4517-a6ff-4c6199f1b782,Chittochi,0,01/07/2026;03:25:44
c81acfdd-7406-4b3e-964c-d93556cf9559,starz3237,0,01/07/2026;04:12:45
86284d51-d216-4041-b3b3-a8f751ea05b3,maloyaroslavets,0,01/07/2026;04:17:42
86284d51-d216-4041-b3b3-a8f751ea05b3,maloyaroslavets,01/07/2026;04:22:21,0
86284d51-d216-4041-b3b3-a8f751ea05b3,maloyaroslavets,0,01/07/2026;04:27:21
86284d51-d216-4041-b3b3-a8f751ea05b3,maloyaroslavets,01/07/2026;04:28:54,0
86284d51-d216-4041-b3b3-a8f751ea05b3,maloyaroslavets,0,01/07/2026;04:30:49
86284d51-d216-4041-b3b3-a8f751ea05b3,maloyaroslavets,01/07/2026;04:31:26,0
8e598f9b-ff76-405a-9368-3f0925163b6a,MoldyNeptune,01/07/2026;06:19:22,0
c81acfdd-7406-4b3e-964c-d93556cf9559,starz3237,01/07/2026;06:29:36,0
c81acfdd-7406-4b3e-964c-d93556cf9559,starz3237,0,01/07/2026;08:12:46
c81acfdd-7406-4b3e-964c-d93556cf9559,starz3237,01/07/2026;08:12:48,0
ce0f19fe-7851-47d2-9f40-32f4c8e0e924,0NightSword,01/07/2026;08:29:56,0
8e598f9b-ff76-405a-9368-3f0925163b6a,MoldyNeptune,0,01/07/2026;08:44:26
8e598f9b-ff76-405a-9368-3f0925163b6a,MoldyNeptune,01/07/2026;08:44:36,0
de39000d-be60-46dc-be66-df635ce56023,Nyxiline,01/07/2026;08:56:04,0
ce0f19fe-7851-47d2-9f40-32f4c8e0e924,0NightSword,0,01/07/2026;08:58:00
ce0f19fe-7851-47d2-9f40-32f4c8e0e924,0NightSword,01/07/2026;09:08:53,0
8e598f9b-ff76-405a-9368-3f0925163b6a,MoldyNeptune,0,01/07/2026;09:36:46
f54fcf63-e25a-4862-a569-abd5a4b884a8,Misha85,01/07/2026;09:51:05,0
f54fcf63-e25a-4862-a569-abd5a4b884a8,Misha85,0,01/07/2026;09:51:59
f54fcf63-e25a-4862-a569-abd5a4b884a8,Misha85,01/07/2026;09:54:26,0
f54fcf63-e25a-4862-a569-abd5a4b884a8,Misha85,0,01/07/2026;09:55:08
7bec3e49-61c6-4a2e-9f16-719bffc434ec,MaximusPrimed,0,01/07/2026;10:04:20
f54fcf63-e25a-4862-a569-abd5a4b884a8,Misha85,01/07/2026;10:05:38,0
f54fcf63-e25a-4862-a569-abd5a4b884a8,Misha85,0,01/07/2026;10:06:25
f54fcf63-e25a-4862-a569-abd5a4b884a8,Misha85,01/07/2026;10:15:35,0
2c4eae00-246b-4a43-ada8-bbad2e41732b,PvpNinjaPro,01/07/2026;10:29:17,0
2c4eae00-246b-4a43-ada8-bbad2e41732b,PvpNinjaPro,0,01/07/2026;10:31:38
2c4eae00-246b-4a43-ada8-bbad2e41732b,PvpNinjaPro,01/07/2026;10:37:51,0
dd81ac6f-8caa-4c05-992b-41c465ff2f63,AFamiliarity,01/07/2026;10:53:24,0
dd81ac6f-8caa-4c05-992b-41c465ff2f63,AFamiliarity,0,01/07/2026;10:53:56
dd81ac6f-8caa-4c05-992b-41c465ff2f63,AFamiliarity,01/07/2026;10:54:00,0
dd81ac6f-8caa-4c05-992b-41c465ff2f63,AFamiliarity,0,01/07/2026;10:54:41
dd81ac6f-8caa-4c05-992b-41c465ff2f63,AFamiliarity,01/07/2026;10:54:46,0
dd81ac6f-8caa-4c05-992b-41c465ff2f63,AFamiliarity,0,01/07/2026;10:55:16
dd81ac6f-8caa-4c05-992b-41c465ff2f63,AFamiliarity,01/07/2026;10:56:17,0
dd81ac6f-8caa-4c05-992b-41c465ff2f63,AFamiliarity,0,01/07/2026;10:57:17
dd81ac6f-8caa-4c05-992b-41c465ff2f63,AFamiliarity,01/07/2026;10:58:56,0
dd81ac6f-8caa-4c05-992b-41c465ff2f63,AFamiliarity,0,01/07/2026;10:59:56
f54fcf63-e25a-4862-a569-abd5a4b884a8,Misha85,0,01/07/2026;11:00:11
dd81ac6f-8caa-4c05-992b-41c465ff2f63,AFamiliarity,01/07/2026;11:00:27,0
dd81ac6f-8caa-4c05-992b-41c465ff2f63,AFamiliarity,0,01/07/2026;11:01:27
86284d51-d216-4041-b3b3-a8f751ea05b3,maloyaroslavets,0,01/07/2026;11:01:34
f54fcf63-e25a-4862-a569-abd5a4b884a8,Misha85,01/07/2026;11:02:31,0
afb8452f-c87a-491f-9913-33c15032055e,iamstormbound,01/07/2026;11:03:40,0
dd81ac6f-8caa-4c05-992b-41c465ff2f63,AFamiliarity,01/07/2026;11:04:10,0
7c75b21e-8e65-4fef-8043-dbb0e7d21439,oneGhost_,01/07/2026;11:04:19,0
dd81ac6f-8caa-4c05-992b-41c465ff2f63,AFamiliarity,0,01/07/2026;11:05:10
dd81ac6f-8caa-4c05-992b-41c465ff2f63,AFamiliarity,01/07/2026;11:06:52,0
dd81ac6f-8caa-4c05-992b-41c465ff2f63,AFamiliarity,0,01/07/2026;11:07:25
dd81ac6f-8caa-4c05-992b-41c465ff2f63,AFamiliarity,01/07/2026;11:08:18,0
dd81ac6f-8caa-4c05-992b-41c465ff2f63,AFamiliarity,0,01/07/2026;11:08:54
dd81ac6f-8caa-4c05-992b-41c465ff2f63,AFamiliarity,01/07/2026;11:10:25,0
ce0f19fe-7851-47d2-9f40-32f4c8e0e924,0NightSword,0,01/07/2026;11:19:39
dd81ac6f-8caa-4c05-992b-41c465ff2f63,AFamiliarity,0,01/07/2026;11:20:21
ce0f19fe-7851-47d2-9f40-32f4c8e0e924,0NightSword,01/07/2026;11:20:50,0
ce0f19fe-7851-47d2-9f40-32f4c8e0e924,0NightSword,0,01/07/2026;11:21:36
ed44d55f-9f5b-42d5-8821-7499a9a558cf,DatGuYouKnow,01/07/2026;11:22:15,0
ed44d55f-9f5b-42d5-8821-7499a9a558cf,DatGuYouKnow,0,01/07/2026;11:22:31
ed44d55f-9f5b-42d5-8821-7499a9a558cf,DatGuYouKnow,01/07/2026;11:22:37,0
dd81ac6f-8caa-4c05-992b-41c465ff2f63,AFamiliarity,01/07/2026;11:25:20,0
dd81ac6f-8caa-4c05-992b-41c465ff2f63,AFamiliarity,0,01/07/2026;11:26:33
f54fcf63-e25a-4862-a569-abd5a4b884a8,Misha85,0,01/07/2026;11:27:02
dd81ac6f-8caa-4c05-992b-41c465ff2f63,AFamiliarity,01/07/2026;11:27:10,0
dd81ac6f-8caa-4c05-992b-41c465ff2f63,AFamiliarity,0,01/07/2026;11:28:10
dd81ac6f-8caa-4c05-992b-41c465ff2f63,AFamiliarity,01/07/2026;11:28:50,0
afb8452f-c87a-491f-9913-33c15032055e,iamstormbound,0,01/07/2026;11:29:33
afb8452f-c87a-491f-9913-33c15032055e,iamstormbound,01/07/2026;11:29:56,0
fa3dc179-c6ff-4f91-bbd5-b0df78efefb8,Goofiest_Goober4,01/07/2026;11:34:29,0
f54fcf63-e25a-4862-a569-abd5a4b884a8,Misha85,01/07/2026;11:34:35,0
f54fcf63-e25a-4862-a569-abd5a4b884a8,Misha85,0,01/07/2026;11:35:55
f54fcf63-e25a-4862-a569-abd5a4b884a8,Misha85,01/07/2026;11:37:38,0
f54fcf63-e25a-4862-a569-abd5a4b884a8,Misha85,0,01/07/2026;11:38:43
f54fcf63-e25a-4862-a569-abd5a4b884a8,Misha85,01/07/2026;11:40:04,0
f54fcf63-e25a-4862-a569-abd5a4b884a8,Misha85,0,01/07/2026;11:41:18
f54fcf63-e25a-4862-a569-abd5a4b884a8,Misha85,01/07/2026;11:42:13,0
7c75b21e-8e65-4fef-8043-dbb0e7d21439,oneGhost_,0,01/07/2026;11:44:09
f54fcf63-e25a-4862-a569-abd5a4b884a8,Misha85,0,01/07/2026;11:45:24
f54fcf63-e25a-4862-a569-abd5a4b884a8,Misha85,01/07/2026;11:46:19,0
f54fcf63-e25a-4862-a569-abd5a4b884a8,Misha85,0,01/07/2026;11:47:56
7c75b21e-8e65-4fef-8043-dbb0e7d21439,oneGhost_,01/07/2026;11:48:06,0
f54fcf63-e25a-4862-a569-abd5a4b884a8,Misha85,01/07/2026;11:49:14,0
ec7096b9-d6d0-4984-8580-9a334b7b70c9,Veztrix,01/07/2026;11:51:35,0
f54fcf63-e25a-4862-a569-abd5a4b884a8,Misha85,0,01/07/2026;11:51:35
de39000d-be60-46dc-be66-df635ce56023,Nyxiline,0,01/07/2026;11:53:02
f54fcf63-e25a-4862-a569-abd5a4b884a8,Misha85,01/07/2026;11:54:46,0
7c75b21e-8e65-4fef-8043-dbb0e7d21439,oneGhost_,0,01/07/2026;11:55:15
f54fcf63-e25a-4862-a569-abd5a4b884a8,Misha85,0,01/07/2026;11:55:57
f54fcf63-e25a-4862-a569-abd5a4b884a8,Misha85,01/07/2026;11:58:05,0
7c75b21e-8e65-4fef-8043-dbb0e7d21439,oneGhost_,01/07/2026;11:58:34,0
7c75b21e-8e65-4fef-8043-dbb0e7d21439,oneGhost_,0,01/07/2026;11:59:19
7c75b21e-8e65-4fef-8043-dbb0e7d21439,oneGhost_,01/07/2026;11:59:47,0
c81acfdd-7406-4b3e-964c-d93556cf9559,starz3237,0,01/07/2026;11:59:57
fa3dc179-c6ff-4f91-bbd5-b0df78efefb8,Goofiest_Goober4,0,01/07/2026;11:59:59
c81acfdd-7406-4b3e-964c-d93556cf9559,starz3237,01/07/2026;12:01:09,0
f54fcf63-e25a-4862-a569-abd5a4b884a8,Misha85,0,01/07/2026;12:01:46
fa3dc179-c6ff-4f91-bbd5-b0df78efefb8,Goofiest_Goober4,01/07/2026;12:02:54,0
f54fcf63-e25a-4862-a569-abd5a4b884a8,Misha85,01/07/2026;12:03:01,0
f54fcf63-e25a-4862-a569-abd5a4b884a8,Misha85,0,01/07/2026;12:03:46
afb8452f-c87a-491f-9913-33c15032055e,iamstormbound,0,01/07/2026;12:07:02
f54fcf63-e25a-4862-a569-abd5a4b884a8,Misha85,01/07/2026;12:07:40,0
ce0f19fe-7851-47d2-9f40-32f4c8e0e924,0NightSword,01/07/2026;12:20:33,0
ec7096b9-d6d0-4984-8580-9a334b7b70c9,Veztrix,0,01/07/2026;12:22:23
49e96464-aa17-46b3-b5c6-87574b6b48b4,Bot,01/07/2026;12:26:03,0
49e96464-aa17-46b3-b5c6-87574b6b48b4,Bot,0,01/07/2026;12:26:09
de39000d-be60-46dc-be66-df635ce56023,Nyxiline,01/07/2026;12:26:29,0
ce0f19fe-7851-47d2-9f40-32f4c8e0e924,0NightSword,0,01/07/2026;12:27:12
4f0bb989-983d-4c0c-bf94-4cfa784dca60,Geebly,01/07/2026;12:37:21,0
ec7096b9-d6d0-4984-8580-9a334b7b70c9,Veztrix,01/07/2026;12:38:26,0
afb8452f-c87a-491f-9913-33c15032055e,iamstormbound,01/07/2026;12:39:00,0
dd81ac6f-8caa-4c05-992b-41c465ff2f63,AFamiliarity,0,01/07/2026;12:41:24
8e598f9b-ff76-405a-9368-3f0925163b6a,MoldyNeptune,01/07/2026;12:43:30,0
ed44d55f-9f5b-42d5-8821-7499a9a558cf,DatGuYouKnow,0,01/07/2026;12:45:19
ed44d55f-9f5b-42d5-8821-7499a9a558cf,DatGuYouKnow,01/07/2026;12:45:56,0
ed44d55f-9f5b-42d5-8821-7499a9a558cf,DatGuYouKnow,0,01/07/2026;12:46:12
ed44d55f-9f5b-42d5-8821-7499a9a558cf,DatGuYouKnow,01/07/2026;12:46:17,0
4f0bb989-983d-4c0c-bf94-4cfa784dca60,Geebly,0,01/07/2026;13:03:21
39d1266b-6dc7-4c5b-8183-9fc49869c77e,D41sy_,01/07/2026;13:08:24,0
7c75b21e-8e65-4fef-8043-dbb0e7d21439,oneGhost_,0,01/07/2026;13:09:38
f79dd909-767b-4881-808f-79405f167858,ArgonOil39,01/07/2026;13:10:24,0
f79dd909-767b-4881-808f-79405f167858,ArgonOil39,0,01/07/2026;13:12:00
f79dd909-767b-4881-808f-79405f167858,ArgonOil39,01/07/2026;13:12:03,0
afb8452f-c87a-491f-9913-33c15032055e,iamstormbound,0,01/07/2026;13:12:53
39d1266b-6dc7-4c5b-8183-9fc49869c77e,D41sy_,0,01/07/2026;13:14:07
7c75b21e-8e65-4fef-8043-dbb0e7d21439,oneGhost_,01/07/2026;13:16:43,0
ec7096b9-d6d0-4984-8580-9a334b7b70c9,Veztrix,0,01/07/2026;13:17:44
8e598f9b-ff76-405a-9368-3f0925163b6a,MoldyNeptune,0,01/07/2026;13:19:02
7c75b21e-8e65-4fef-8043-dbb0e7d21439,oneGhost_,0,01/07/2026;13:20:44
7c75b21e-8e65-4fef-8043-dbb0e7d21439,oneGhost_,01/07/2026;13:24:21,0
ce0f19fe-7851-47d2-9f40-32f4c8e0e924,0NightSword,01/07/2026;13:34:53,0
5f1716cf-1541-4485-bddc-c297ef66f5bd,_Hark,01/07/2026;13:38:38,0
f54fcf63-e25a-4862-a569-abd5a4b884a8,Misha85,0,01/07/2026;13:39:52
de39000d-be60-46dc-be66-df635ce56023,Nyxiline,0,01/07/2026;13:44:48
4f0bb989-983d-4c0c-bf94-4cfa784dca60,Geebly,01/07/2026;13:51:34,0
f54fcf63-e25a-4862-a569-abd5a4b884a8,Misha85,01/07/2026;13:52:06,0
ec7096b9-d6d0-4984-8580-9a334b7b70c9,Veztrix,01/07/2026;14:04:12,0
ce0f19fe-7851-47d2-9f40-32f4c8e0e924,0NightSword,0,01/07/2026;14:40:22
f54fcf63-e25a-4862-a569-abd5a4b884a8,Misha85,0,01/07/2026;14:43:57
f54fcf63-e25a-4862-a569-abd5a4b884a8,Misha85,01/07/2026;14:44:23,0
ed44d55f-9f5b-42d5-8821-7499a9a558cf,DatGuYouKnow,0,01/07/2026;15:02:16
75f51159-85d3-42eb-9710-f6ec3ad348a0,SashKings,01/07/2026;15:08:44,0
2c4eae00-246b-4a43-ada8-bbad2e41732b,PvpNinjaPro,0,01/07/2026;15:15:28
de39000d-be60-46dc-be66-df635ce56023,Nyxiline,01/07/2026;15:15:34,0
f54fcf63-e25a-4862-a569-abd5a4b884a8,Misha85,0,01/07/2026;15:23:35
afb8452f-c87a-491f-9913-33c15032055e,iamstormbound,01/07/2026;15:24:27,0
de39000d-be60-46dc-be66-df635ce56023,Nyxiline,0,01/07/2026;15:29:01
de39000d-be60-46dc-be66-df635ce56023,Nyxiline,01/07/2026;15:37:12,0
ec7096b9-d6d0-4984-8580-9a334b7b70c9,Veztrix,0,01/07/2026;15:55:05
f79dd909-767b-4881-808f-79405f167858,ArgonOil39,0,01/07/2026;16:04:48
f79dd909-767b-4881-808f-79405f167858,ArgonOil39,01/07/2026;16:04:53,0
f79dd909-767b-4881-808f-79405f167858,ArgonOil39,0,01/07/2026;16:08:04
f79dd909-767b-4881-808f-79405f167858,ArgonOil39,01/07/2026;16:08:09,0
de39000d-be60-46dc-be66-df635ce56023,Nyxiline,0,01/07/2026;16:13:52
7c75b21e-8e65-4fef-8043-dbb0e7d21439,oneGhost_,0,01/07/2026;16:27:45
7c75b21e-8e65-4fef-8043-dbb0e7d21439,oneGhost_,01/07/2026;16:30:44,0
f79dd909-767b-4881-808f-79405f167858,ArgonOil39,0,01/07/2026;16:36:46
b705ccdd-dd40-455b-b092-22b2011a57bf,Skywalkered,01/07/2026;16:38:26,0
fa3dc179-c6ff-4f91-bbd5-b0df78efefb8,Goofiest_Goober4,0,01/07/2026;16:39:48
db30fab5-e996-461e-a7ee-eca4840f8550,Fish,01/07/2026;16:43:28,0
db30fab5-e996-461e-a7ee-eca4840f8550,Fish,0,01/07/2026;16:43:54
b705ccdd-dd40-455b-b092-22b2011a57bf,Skywalkered,0,01/07/2026;16:47:55
b705ccdd-dd40-455b-b092-22b2011a57bf,Skywalkered,01/07/2026;16:48:00,0
fa3dc179-c6ff-4f91-bbd5-b0df78efefb8,Goofiest_Goober4,01/07/2026;16:48:15,0
de39000d-be60-46dc-be66-df635ce56023,Nyxiline,01/07/2026;16:48:56,0
b705ccdd-dd40-455b-b092-22b2011a57bf,Skywalkered,0,01/07/2026;16:56:50
b705ccdd-dd40-455b-b092-22b2011a57bf,Skywalkered,01/07/2026;16:56:53,0
fa3dc179-c6ff-4f91-bbd5-b0df78efefb8,Goofiest_Goober4,0,01/07/2026;17:04:45
dd81ac6f-8caa-4c05-992b-41c465ff2f63,AFamiliarity,01/07/2026;17:06:32,0
39d1266b-6dc7-4c5b-8183-9fc49869c77e,D41sy_,01/07/2026;17:13:52,0
5f1716cf-1541-4485-bddc-c297ef66f5bd,_Hark,0,01/07/2026;17:14:02
39d1266b-6dc7-4c5b-8183-9fc49869c77e,D41sy_,0,01/07/2026;17:15:10
39d1266b-6dc7-4c5b-8183-9fc49869c77e,D41sy_,01/07/2026;17:15:20,0
b705ccdd-dd40-455b-b092-22b2011a57bf,Skywalkered,01/07/2026;17:20:54,0
75f51159-85d3-42eb-9710-f6ec3ad348a0,SashKings,01/07/2026;17:20:56,0
dd81ac6f-8caa-4c05-992b-41c465ff2f63,AFamiliarity,01/07/2026;17:20:57,0
7c75b21e-8e65-4fef-8043-dbb0e7d21439,oneGhost_,01/07/2026;17:20:59,0
4f0bb989-983d-4c0c-bf94-4cfa784dca60,Geebly,01/07/2026;17:21:00,0
afb8452f-c87a-491f-9913-33c15032055e,iamstormbound,01/07/2026;17:21:02,0
c81acfdd-7406-4b3e-964c-d93556cf9559,starz3237,01/07/2026;17:21:07,0
de39000d-be60-46dc-be66-df635ce56023,Nyxiline,01/07/2026;17:21:17,0
7c75b21e-8e65-4fef-8043-dbb0e7d21439,oneGhost_,0,01/07/2026;17:22:13
7c75b21e-8e65-4fef-8043-dbb0e7d21439,oneGhost_,01/07/2026;17:22:43,0
f79dd909-767b-4881-808f-79405f167858,ArgonOil39,01/07/2026;17:29:04,0
afb8452f-c87a-491f-9913-33c15032055e,iamstormbound,01/07/2026;17:31:21,0
b705ccdd-dd40-455b-b092-22b2011a57bf,Skywalkered,01/07/2026;17:31:23,0
75f51159-85d3-42eb-9710-f6ec3ad348a0,SashKings,01/07/2026;17:31:25,0
dd81ac6f-8caa-4c05-992b-41c465ff2f63,AFamiliarity,01/07/2026;17:31:28,0
7c75b21e-8e65-4fef-8043-dbb0e7d21439,oneGhost_,01/07/2026;17:31:29,0
f79dd909-767b-4881-808f-79405f167858,ArgonOil39,01/07/2026;17:31:32,0
4f0bb989-983d-4c0c-bf94-4cfa784dca60,Geebly,01/07/2026;17:31:40,0
de39000d-be60-46dc-be66-df635ce56023,Nyxiline,01/07/2026;17:32:01,0
c81acfdd-7406-4b3e-964c-d93556cf9559,starz3237,01/07/2026;17:32:04,0
afb8452f-c87a-491f-9913-33c15032055e,iamstormbound,0,01/07/2026;17:46:23
39d1266b-6dc7-4c5b-8183-9fc49869c77e,D41sy_,01/07/2026;17:46:48,0
de39000d-be60-46dc-be66-df635ce56023,Nyxiline,0,01/07/2026;17:53:38
ce0f19fe-7851-47d2-9f40-32f4c8e0e924,0NightSword,01/07/2026;17:54:08,0
de39000d-be60-46dc-be66-df635ce56023,Nyxiline,01/07/2026;17:55:00,0
dd81ac6f-8caa-4c05-992b-41c465ff2f63,AFamiliarity,0,01/07/2026;18:08:47
dd81ac6f-8caa-4c05-992b-41c465ff2f63,AFamiliarity,01/07/2026;18:10:07,0
8e598f9b-ff76-405a-9368-3f0925163b6a,MoldyNeptune,01/07/2026;18:19:07,0
7c75b21e-8e65-4fef-8043-dbb0e7d21439,oneGhost_,0,01/07/2026;18:26:22
c81acfdd-7406-4b3e-964c-d93556cf9559,starz3237,0,01/07/2026;18:30:32
f79dd909-767b-4881-808f-79405f167858,ArgonOil39,0,01/07/2026;18:33:41
f79dd909-767b-4881-808f-79405f167858,ArgonOil39,01/07/2026;18:33:45,0
f79dd909-767b-4881-808f-79405f167858,ArgonOil39,0,01/07/2026;18:36:51
f79dd909-767b-4881-808f-79405f167858,ArgonOil39,01/07/2026;18:36:56,0
c81acfdd-7406-4b3e-964c-d93556cf9559,starz3237,01/07/2026;18:43:02,0
8e598f9b-ff76-405a-9368-3f0925163b6a,MoldyNeptune,0,01/07/2026;18:47:39
8e598f9b-ff76-405a-9368-3f0925163b6a,MoldyNeptune,01/07/2026;18:47:50,0
8e598f9b-ff76-405a-9368-3f0925163b6a,MoldyNeptune,0,01/07/2026;18:53:44
f79dd909-767b-4881-808f-79405f167858,ArgonOil39,0,01/07/2026;18:58:29
f79dd909-767b-4881-808f-79405f167858,ArgonOil39,01/07/2026;18:58:33,0
de39000d-be60-46dc-be66-df635ce56023,Nyxiline,0,01/07/2026;19:01:13
75f51159-85d3-42eb-9710-f6ec3ad348a0,SashKings,0,01/07/2026;19:02:25
6fddc3de-beac-42ec-9f70-5a212bcc0267,meow,01/07/2026;19:09:58,0
6fddc3de-beac-42ec-9f70-5a212bcc0267,meow,0,01/07/2026;19:10:06
f79dd909-767b-4881-808f-79405f167858,ArgonOil39,0,01/07/2026;19:11:21
de39000d-be60-46dc-be66-df635ce56023,Nyxiline,01/07/2026;19:13:49,0
ec7096b9-d6d0-4984-8580-9a334b7b70c9,Veztrix,01/07/2026;19:18:57,0
ec7096b9-d6d0-4984-8580-9a334b7b70c9,Veztrix,0,01/07/2026;19:19:42
ec7096b9-d6d0-4984-8580-9a334b7b70c9,Veztrix,01/07/2026;19:22:27,0
ce0f19fe-7851-47d2-9f40-32f4c8e0e924,0NightSword,0,01/07/2026;19:26:08
f79dd909-767b-4881-808f-79405f167858,ArgonOil39,01/07/2026;19:28:11,0
dd81ac6f-8caa-4c05-992b-41c465ff2f63,AFamiliarity,0,01/07/2026;19:29:39
dd81ac6f-8caa-4c05-992b-41c465ff2f63,AFamiliarity,01/07/2026;19:30:40,0
f79dd909-767b-4881-808f-79405f167858,ArgonOil39,0,01/07/2026;19:36:15
ec7096b9-d6d0-4984-8580-9a334b7b70c9,Veztrix,0,01/07/2026;19:38:46
ec7096b9-d6d0-4984-8580-9a334b7b70c9,Veztrix,01/07/2026;19:39:10,0
ec7096b9-d6d0-4984-8580-9a334b7b70c9,Veztrix,0,01/07/2026;19:40:01
f79dd909-767b-4881-808f-79405f167858,ArgonOil39,01/07/2026;19:47:49,0
f79dd909-767b-4881-808f-79405f167858,ArgonOil39,0,01/07/2026;19:48:06
f79dd909-767b-4881-808f-79405f167858,ArgonOil39,01/07/2026;19:48:10,0
2c4eae00-246b-4a43-ada8-bbad2e41732b,PvpNinjaPro,01/07/2026;20:02:19,0
2c4eae00-246b-4a43-ada8-bbad2e41732b,PvpNinjaPro,0,01/07/2026;20:02:34
2c4eae00-246b-4a43-ada8-bbad2e41732b,PvpNinjaPro,01/07/2026;20:03:01,0
7bec3e49-61c6-4a2e-9f16-719bffc434ec,MaximusPrimed,01/07/2026;20:03:13,0
f79dd909-767b-4881-808f-79405f167858,ArgonOil39,0,01/07/2026;20:16:05
39d1266b-6dc7-4c5b-8183-9fc49869c77e,D41sy_,0,01/07/2026;20:24:52
dd81ac6f-8caa-4c05-992b-41c465ff2f63,AFamiliarity,0,01/07/2026;20:26:19
4f0bb989-983d-4c0c-bf94-4cfa784dca60,Geebly,0,01/07/2026;20:28:51
7bec3e49-61c6-4a2e-9f16-719bffc434ec,MaximusPrimed,0,01/07/2026;20:43:12
ce0f19fe-7851-47d2-9f40-32f4c8e0e924,0NightSword,01/07/2026;20:44:46,0
ec7096b9-d6d0-4984-8580-9a334b7b70c9,Veztrix,01/07/2026;21:02:43,0
f79dd909-767b-4881-808f-79405f167858,ArgonOil39,01/07/2026;21:04:56,0
4f0bb989-983d-4c0c-bf94-4cfa784dca60,Geebly,01/07/2026;21:25:03,0
c081e423-8f22-47de-81f8-be3654829f88,AFlamingPhoenix,01/07/2026;21:37:48,0
39d1266b-6dc7-4c5b-8183-9fc49869c77e,D41sy_,01/07/2026;21:38:27,0
de39000d-be60-46dc-be66-df635ce56023,Nyxiline,0,01/07/2026;21:52:57
f79dd909-767b-4881-808f-79405f167858,ArgonOil39,0,01/07/2026;22:06:33
2c4eae00-246b-4a43-ada8-bbad2e41732b,PvpNinjaPro,0,01/07/2026;22:07:27
ce0f19fe-7851-47d2-9f40-32f4c8e0e924,0NightSword,0,01/07/2026;22:12:22
bf58b239-1ea0-4a10-a57c-a57d2d7faa30,vivianholiday,01/07/2026;22:20:27,0
bf58b239-1ea0-4a10-a57c-a57d2d7faa30,vivianholiday,0,01/07/2026;22:22:31
bf58b239-1ea0-4a10-a57c-a57d2d7faa30,vivianholiday,01/07/2026;22:23:26,0
bf58b239-1ea0-4a10-a57c-a57d2d7faa30,vivianholiday,0,01/07/2026;22:24:57
bf58b239-1ea0-4a10-a57c-a57d2d7faa30,vivianholiday,01/07/2026;22:26:34,0
bf58b239-1ea0-4a10-a57c-a57d2d7faa30,vivianholiday,0,01/07/2026;22:33:19
bf58b239-1ea0-4a10-a57c-a57d2d7faa30,vivianholiday,01/07/2026;22:35:59,0
86284d51-d216-4041-b3b3-a8f751ea05b3,maloyaroslavets,01/07/2026;22:36:32,0
bf58b239-1ea0-4a10-a57c-a57d2d7faa30,vivianholiday,0,01/07/2026;22:44:50
39d1266b-6dc7-4c5b-8183-9fc49869c77e,D41sy_,0,01/07/2026;22:45:10
bf58b239-1ea0-4a10-a57c-a57d2d7faa30,vivianholiday,01/07/2026;22:46:17,0
f79dd909-767b-4881-808f-79405f167858,ArgonOil39,01/07/2026;22:53:08,0
bf58b239-1ea0-4a10-a57c-a57d2d7faa30,vivianholiday,0,01/07/2026;23:03:37
bf58b239-1ea0-4a10-a57c-a57d2d7faa30,vivianholiday,01/07/2026;23:05:12,0
bf58b239-1ea0-4a10-a57c-a57d2d7faa30,vivianholiday,0,01/07/2026;23:08:46
bf58b239-1ea0-4a10-a57c-a57d2d7faa30,vivianholiday,01/07/2026;23:11:27,0
2c4eae00-246b-4a43-ada8-bbad2e41732b,PvpNinjaPro,01/07/2026;23:37:46,0
f79dd909-767b-4881-808f-79405f167858,ArgonOil39,0,01/07/2026;23:49:58
ec7096b9-d6d0-4984-8580-9a334b7b70c9,Veztrix,0,01/07/2026;23:52:38
4f0bb989-983d-4c0c-bf94-4cfa784dca60,Geebly,0,01/07/2026;23:52:43
c081e423-8f22-47de-81f8-be3654829f88,AFlamingPhoenix,0,01/07/2026;23:53:02
7bec3e49-61c6-4a2e-9f16-719bffc434ec,MaximusPrimed,02/07/2026;00:06:46,0
86284d51-d216-4041-b3b3-a8f751ea05b3,maloyaroslavets,0,02/07/2026;00:07:56
b705ccdd-dd40-455b-b092-22b2011a57bf,Skywalkered,02/07/2026;00:08:53,0
7bec3e49-61c6-4a2e-9f16-719bffc434ec,MaximusPrimed,02/07/2026;00:08:55,0
86284d51-d216-4041-b3b3-a8f751ea05b3,maloyaroslavets,02/07/2026;00:08:57,0
2c4eae00-246b-4a43-ada8-bbad2e41732b,PvpNinjaPro,02/07/2026;00:09:10,0
c81acfdd-7406-4b3e-964c-d93556cf9559,starz3237,02/07/2026;00:09:45,0
bf58b239-1ea0-4a10-a57c-a57d2d7faa30,vivianholiday,02/07/2026;00:09:46,0
bf58b239-1ea0-4a10-a57c-a57d2d7faa30,vivianholiday,0,02/07/2026;00:10:05
bf58b239-1ea0-4a10-a57c-a57d2d7faa30,vivianholiday,02/07/2026;00:14:52,0
ec7096b9-d6d0-4984-8580-9a334b7b70c9,Veztrix,02/07/2026;00:18:26,0
4f0bb989-983d-4c0c-bf94-4cfa784dca60,Geebly,02/07/2026;00:19:51,0
2c4eae00-246b-4a43-ada8-bbad2e41732b,PvpNinjaPro,0,02/07/2026;00:38:00
ec7096b9-d6d0-4984-8580-9a334b7b70c9,Veztrix,0,02/07/2026;00:49:12
4f0bb989-983d-4c0c-bf94-4cfa784dca60,Geebly,0,02/07/2026;01:11:38
bf58b239-1ea0-4a10-a57c-a57d2d7faa30,vivianholiday,0,02/07/2026;01:13:03
f54fcf63-e25a-4862-a569-abd5a4b884a8,Misha85,02/07/2026;01:59:48,0
b705ccdd-dd40-455b-b092-22b2011a57bf,Skywalkered,0,02/07/2026;02:02:52
7bec3e49-61c6-4a2e-9f16-719bffc434ec,MaximusPrimed,0,02/07/2026;02:19:06
7bec3e49-61c6-4a2e-9f16-719bffc434ec,MaximusPrimed,02/07/2026;02:20:18,0
7bec3e49-61c6-4a2e-9f16-719bffc434ec,MaximusPrimed,0,02/07/2026;02:22:28
ed44d55f-9f5b-42d5-8821-7499a9a558cf,DatGuYouKnow,02/07/2026;02:43:51,0
ed44d55f-9f5b-42d5-8821-7499a9a558cf,DatGuYouKnow,0,02/07/2026;02:43:59
ed44d55f-9f5b-42d5-8821-7499a9a558cf,DatGuYouKnow,02/07/2026;02:44:58,0
7bec3e49-61c6-4a2e-9f16-719bffc434ec,MaximusPrimed,02/07/2026;03:01:33,0
c81acfdd-7406-4b3e-964c-d93556cf9559,starz3237,0,02/07/2026;03:02:49
7bec3e49-61c6-4a2e-9f16-719bffc434ec,MaximusPrimed,0,02/07/2026;03:16:57
f54fcf63-e25a-4862-a569-abd5a4b884a8,Misha85,0,02/07/2026;03:40:40
f54fcf63-e25a-4862-a569-abd5a4b884a8,Misha85,02/07/2026;03:52:33,0
f54fcf63-e25a-4862-a569-abd5a4b884a8,Misha85,0,02/07/2026;04:55:24
c81acfdd-7406-4b3e-964c-d93556cf9559,starz3237,02/07/2026;04:56:28,0
bf58b239-1ea0-4a10-a57c-a57d2d7faa30,vivianholiday,02/07/2026;05:16:59,0
bf58b239-1ea0-4a10-a57c-a57d2d7faa30,vivianholiday,0,02/07/2026;05:18:02
bf58b239-1ea0-4a10-a57c-a57d2d7faa30,vivianholiday,02/07/2026;05:18:53,0
f54fcf63-e25a-4862-a569-abd5a4b884a8,Misha85,02/07/2026;05:34:06,0
c81acfdd-7406-4b3e-964c-d93556cf9559,starz3237,0,02/07/2026;06:59:03
c81acfdd-7406-4b3e-964c-d93556cf9559,starz3237,02/07/2026;06:59:05,0
de39000d-be60-46dc-be66-df635ce56023,Nyxiline,02/07/2026;07:02:46,0
bf58b239-1ea0-4a10-a57c-a57d2d7faa30,vivianholiday,0,02/07/2026;07:24:06
7bec3e49-61c6-4a2e-9f16-719bffc434ec,MaximusPrimed,02/07/2026;07:24:29,0
7bec3e49-61c6-4a2e-9f16-719bffc434ec,MaximusPrimed,0,02/07/2026;07:31:44
ce0f19fe-7851-47d2-9f40-32f4c8e0e924,0NightSword,02/07/2026;07:58:13,0
de39000d-be60-46dc-be66-df635ce56023,Nyxiline,0,02/07/2026;08:21:02
86284d51-d216-4041-b3b3-a8f751ea05b3,maloyaroslavets,0,02/07/2026;08:34:00
de39000d-be60-46dc-be66-df635ce56023,Nyxiline,02/07/2026;08:35:35,0
ed44d55f-9f5b-42d5-8821-7499a9a558cf,DatGuYouKnow,0,02/07/2026;08:39:10
ed44d55f-9f5b-42d5-8821-7499a9a558cf,DatGuYouKnow,02/07/2026;08:39:23,0
ed44d55f-9f5b-42d5-8821-7499a9a558cf,DatGuYouKnow,0,02/07/2026;08:40:08
ed44d55f-9f5b-42d5-8821-7499a9a558cf,DatGuYouKnow,02/07/2026;08:40:11,0
ed44d55f-9f5b-42d5-8821-7499a9a558cf,DatGuYouKnow,0,02/07/2026;08:41:02
ed44d55f-9f5b-42d5-8821-7499a9a558cf,DatGuYouKnow,02/07/2026;08:41:07,0
ed44d55f-9f5b-42d5-8821-7499a9a558cf,DatGuYouKnow,0,02/07/2026;08:41:32
ac435971-bfb7-4f5e-a9ea-32335a2acee2,Riotte,02/07/2026;08:41:56,0
c81acfdd-7406-4b3e-964c-d93556cf9559,starz3237,0,02/07/2026;08:47:56
f54fcf63-e25a-4862-a569-abd5a4b884a8,Misha85,0,02/07/2026;09:09:24
f54fcf63-e25a-4862-a569-abd5a4b884a8,Misha85,02/07/2026;09:41:45,0
f54fcf63-e25a-4862-a569-abd5a4b884a8,Misha85,0,02/07/2026;09:57:50
ce0f19fe-7851-47d2-9f40-32f4c8e0e924,0NightSword,0,02/07/2026;10:01:40
2c4eae00-246b-4a43-ada8-bbad2e41732b,PvpNinjaPro,02/07/2026;10:20:27,0
de39000d-be60-46dc-be66-df635ce56023,Nyxiline,0,02/07/2026;10:31:59
de39000d-be60-46dc-be66-df635ce56023,Nyxiline,02/07/2026;10:32:04,0
de39000d-be60-46dc-be66-df635ce56023,Nyxiline,0,02/07/2026;10:32:10
f54fcf63-e25a-4862-a569-abd5a4b884a8,Misha85,02/07/2026;11:01:37,0
de39000d-be60-46dc-be66-df635ce56023,Nyxiline,02/07/2026;11:26:41,0
2c4eae00-246b-4a43-ada8-bbad2e41732b,PvpNinjaPro,0,02/07/2026;11:50:19
f54fcf63-e25a-4862-a569-abd5a4b884a8,Misha85,0,02/07/2026;12:03:37
dd81ac6f-8caa-4c05-992b-41c465ff2f63,AFamiliarity,02/07/2026;12:24:45,0
f54fcf63-e25a-4862-a569-abd5a4b884a8,Misha85,02/07/2026;12:25:51,0
ec7096b9-d6d0-4984-8580-9a334b7b70c9,Veztrix,02/07/2026;12:45:50,0
dd81ac6f-8caa-4c05-992b-41c465ff2f63,AFamiliarity,0,02/07/2026;12:52:26
f79dd909-767b-4881-808f-79405f167858,ArgonOil39,02/07/2026;12:56:34,0
f54fcf63-e25a-4862-a569-abd5a4b884a8,Misha85,0,02/07/2026;12:59:51
7c75b21e-8e65-4fef-8043-dbb0e7d21439,oneGhost_,02/07/2026;13:02:26,0
dd81ac6f-8caa-4c05-992b-41c465ff2f63,AFamiliarity,02/07/2026;13:11:22,0
afb8452f-c87a-491f-9913-33c15032055e,iamstormbound,02/07/2026;13:14:34,0
ac435971-bfb7-4f5e-a9ea-32335a2acee2,Riotte,0,02/07/2026;13:21:16
de39000d-be60-46dc-be66-df635ce56023,Nyxiline,0,02/07/2026;13:38:08
de39000d-be60-46dc-be66-df635ce56023,Nyxiline,02/07/2026;13:38:45,0
de39000d-be60-46dc-be66-df635ce56023,Nyxiline,0,02/07/2026;13:44:18
f79dd909-767b-4881-808f-79405f167858,ArgonOil39,0,02/07/2026;13:56:22
f79dd909-767b-4881-808f-79405f167858,ArgonOil39,02/07/2026;14:05:08,0
ec7096b9-d6d0-4984-8580-9a334b7b70c9,Veztrix,0,02/07/2026;14:06:51
ac435971-bfb7-4f5e-a9ea-32335a2acee2,Riotte,02/07/2026;14:23:20,0
ec7096b9-d6d0-4984-8580-9a334b7b70c9,Veztrix,02/07/2026;14:23:33,0
4f0bb989-983d-4c0c-bf94-4cfa784dca60,Geebly,02/07/2026;14:34:08,0
de39000d-be60-46dc-be66-df635ce56023,Nyxiline,02/07/2026;14:36:26,0
ed44d55f-9f5b-42d5-8821-7499a9a558cf,DatGuYouKnow,02/07/2026;14:38:23,0
7c75b21e-8e65-4fef-8043-dbb0e7d21439,oneGhost_,0,02/07/2026;14:52:29
7c75b21e-8e65-4fef-8043-dbb0e7d21439,oneGhost_,02/07/2026;14:52:44,0
ed44d55f-9f5b-42d5-8821-7499a9a558cf,DatGuYouKnow,0,02/07/2026;14:54:04
fa3dc179-c6ff-4f91-bbd5-b0df78efefb8,Goofiest_Goober4,02/07/2026;14:54:11,0
fa3dc179-c6ff-4f91-bbd5-b0df78efefb8,Goofiest_Goober4,0,02/07/2026;14:54:52
fa3dc179-c6ff-4f91-bbd5-b0df78efefb8,Goofiest_Goober4,02/07/2026;14:59:59,0
fa3dc179-c6ff-4f91-bbd5-b0df78efefb8,Goofiest_Goober4,0,02/07/2026;15:01:20
fa3dc179-c6ff-4f91-bbd5-b0df78efefb8,Goofiest_Goober4,02/07/2026;15:06:13,0
7c75b21e-8e65-4fef-8043-dbb0e7d21439,oneGhost_,0,02/07/2026;15:07:12
7c75b21e-8e65-4fef-8043-dbb0e7d21439,oneGhost_,02/07/2026;15:07:22,0
86284d51-d216-4041-b3b3-a8f751ea05b3,maloyaroslavets,02/07/2026;15:21:36,0
4f0bb989-983d-4c0c-bf94-4cfa784dca60,Geebly,0,02/07/2026;15:38:37
86284d51-d216-4041-b3b3-a8f751ea05b3,maloyaroslavets,0,02/07/2026;15:47:14
de39000d-be60-46dc-be66-df635ce56023,Nyxiline,0,02/07/2026;16:01:13
7c75b21e-8e65-4fef-8043-dbb0e7d21439,oneGhost_,0,02/07/2026;16:01:29
7c75b21e-8e65-4fef-8043-dbb0e7d21439,oneGhost_,02/07/2026;16:01:39,0
dd81ac6f-8caa-4c05-992b-41c465ff2f63,AFamiliarity,0,02/07/2026;16:04:34
de39000d-be60-46dc-be66-df635ce56023,Nyxiline,02/07/2026;16:23:11,0
fa3dc179-c6ff-4f91-bbd5-b0df78efefb8,Goofiest_Goober4,0,02/07/2026;16:32:50
7c75b21e-8e65-4fef-8043-dbb0e7d21439,oneGhost_,0,02/07/2026;16:32:55
afb8452f-c87a-491f-9913-33c15032055e,iamstormbound,0,02/07/2026;16:32:56
ac435971-bfb7-4f5e-a9ea-32335a2acee2,Riotte,0,02/07/2026;16:37:07
4f0bb989-983d-4c0c-bf94-4cfa784dca60,Geebly,02/07/2026;16:42:28,0
4f0bb989-983d-4c0c-bf94-4cfa784dca60,Geebly,0,02/07/2026;16:50:11
4f0bb989-983d-4c0c-bf94-4cfa784dca60,Geebly,02/07/2026;16:50:17,0
ec7096b9-d6d0-4984-8580-9a334b7b70c9,Veztrix,0,02/07/2026;16:58:17
f54fcf63-e25a-4862-a569-abd5a4b884a8,Misha85,02/07/2026;16:58:34,0
f79dd909-767b-4881-808f-79405f167858,ArgonOil39,0,02/07/2026;17:00:18
f79dd909-767b-4881-808f-79405f167858,ArgonOil39,02/07/2026;17:00:20,0
f54fcf63-e25a-4862-a569-abd5a4b884a8,Misha85,0,02/07/2026;17:01:14
f54fcf63-e25a-4862-a569-abd5a4b884a8,Misha85,02/07/2026;17:01:30,0
f79dd909-767b-4881-808f-79405f167858,ArgonOil39,0,02/07/2026;17:02:29
f79dd909-767b-4881-808f-79405f167858,ArgonOil39,02/07/2026;17:02:34,0
f54fcf63-e25a-4862-a569-abd5a4b884a8,Misha85,0,02/07/2026;17:13:00
f54fcf63-e25a-4862-a569-abd5a4b884a8,Misha85,02/07/2026;17:14:32,0
75f51159-85d3-42eb-9710-f6ec3ad348a0,SashKings,02/07/2026;17:18:44,0
b705ccdd-dd40-455b-b092-22b2011a57bf,Skywalkered,02/07/2026;17:26:52,0
ec7096b9-d6d0-4984-8580-9a334b7b70c9,Veztrix,02/07/2026;17:39:44,0
f79dd909-767b-4881-808f-79405f167858,ArgonOil39,0,02/07/2026;18:11:08
f79dd909-767b-4881-808f-79405f167858,ArgonOil39,02/07/2026;18:11:29,0
de39000d-be60-46dc-be66-df635ce56023,Nyxiline,0,02/07/2026;18:16:06
4f0bb989-983d-4c0c-bf94-4cfa784dca60,Geebly,0,02/07/2026;18:32:17
4f0bb989-983d-4c0c-bf94-4cfa784dca60,Geebly,02/07/2026;18:32:35,0
b705ccdd-dd40-455b-b092-22b2011a57bf,Skywalkered,0,02/07/2026;18:35:39
f54fcf63-e25a-4862-a569-abd5a4b884a8,Misha85,0,02/07/2026;18:42:41
ec7096b9-d6d0-4984-8580-9a334b7b70c9,Veztrix,0,02/07/2026;18:42:46
b705ccdd-dd40-455b-b092-22b2011a57bf,Skywalkered,02/07/2026;18:50:28,0
f79dd909-767b-4881-808f-79405f167858,ArgonOil39,0,02/07/2026;19:06:56
f79dd909-767b-4881-808f-79405f167858,ArgonOil39,02/07/2026;19:13:28,0
de39000d-be60-46dc-be66-df635ce56023,Nyxiline,02/07/2026;19:22:22,0
39d1266b-6dc7-4c5b-8183-9fc49869c77e,D41sy_,02/07/2026;19:27:52,0
39d1266b-6dc7-4c5b-8183-9fc49869c77e,D41sy_,0,02/07/2026;19:29:52
39d1266b-6dc7-4c5b-8183-9fc49869c77e,D41sy_,02/07/2026;19:30:48,0
f79dd909-767b-4881-808f-79405f167858,ArgonOil39,0,02/07/2026;19:35:21
f79dd909-767b-4881-808f-79405f167858,ArgonOil39,02/07/2026;19:35:40,0
f79dd909-767b-4881-808f-79405f167858,ArgonOil39,0,02/07/2026;19:36:21
f79dd909-767b-4881-808f-79405f167858,ArgonOil39,02/07/2026;19:36:30,0
f79dd909-767b-4881-808f-79405f167858,ArgonOil39,0,02/07/2026;19:37:30
f79dd909-767b-4881-808f-79405f167858,ArgonOil39,02/07/2026;19:38:11,0
f79dd909-767b-4881-808f-79405f167858,ArgonOil39,0,02/07/2026;19:39:48
f79dd909-767b-4881-808f-79405f167858,ArgonOil39,02/07/2026;19:40:13,0
f79dd909-767b-4881-808f-79405f167858,ArgonOil39,0,02/07/2026;19:41:13
f79dd909-767b-4881-808f-79405f167858,ArgonOil39,02/07/2026;19:41:14,0
f79dd909-767b-4881-808f-79405f167858,ArgonOil39,0,02/07/2026;19:53:27
f79dd909-767b-4881-808f-79405f167858,ArgonOil39,02/07/2026;19:53:32,0
4f0bb989-983d-4c0c-bf94-4cfa784dca60,Geebly,0,02/07/2026;20:02:07
4f0bb989-983d-4c0c-bf94-4cfa784dca60,Geebly,02/07/2026;20:05:01,0
e84ee678-1a9b-4517-a6ff-4c6199f1b782,Chittochi,02/07/2026;20:40:55,0
ec7096b9-d6d0-4984-8580-9a334b7b70c9,Veztrix,02/07/2026;20:40:57,0
e84ee678-1a9b-4517-a6ff-4c6199f1b782,Chittochi,0,02/07/2026;20:47:33
f79dd909-767b-4881-808f-79405f167858,ArgonOil39,0,02/07/2026;20:50:52
39d1266b-6dc7-4c5b-8183-9fc49869c77e,D41sy_,0,02/07/2026;21:06:40
75f51159-85d3-42eb-9710-f6ec3ad348a0,SashKings,0,02/07/2026;21:10:42
ec7096b9-d6d0-4984-8580-9a334b7b70c9,Veztrix,0,02/07/2026;21:26:01
ec7096b9-d6d0-4984-8580-9a334b7b70c9,Veztrix,02/07/2026;21:33:09,0
de39000d-be60-46dc-be66-df635ce56023,Nyxiline,0,02/07/2026;21:51:46
4f0bb989-983d-4c0c-bf94-4cfa784dca60,Geebly,0,02/07/2026;22:06:26
f79dd909-767b-4881-808f-79405f167858,ArgonOil39,02/07/2026;22:18:59,0
c81acfdd-7406-4b3e-964c-d93556cf9559,starz3237,02/07/2026;22:25:56,0
ec7096b9-d6d0-4984-8580-9a334b7b70c9,Veztrix,0,02/07/2026;22:35:14
ec7096b9-d6d0-4984-8580-9a334b7b70c9,Veztrix,02/07/2026;22:36:42,0
ec7096b9-d6d0-4984-8580-9a334b7b70c9,Veztrix,0,02/07/2026;22:40:42
ec7096b9-d6d0-4984-8580-9a334b7b70c9,Veztrix,02/07/2026;22:40:54,0
ec7096b9-d6d0-4984-8580-9a334b7b70c9,Veztrix,0,02/07/2026;22:42:00
c81acfdd-7406-4b3e-964c-d93556cf9559,starz3237,0,02/07/2026;22:53:45
c81acfdd-7406-4b3e-964c-d93556cf9559,starz3237,02/07/2026;22:53:49,0
c81acfdd-7406-4b3e-964c-d93556cf9559,starz3237,0,02/07/2026;22:56:01
c81acfdd-7406-4b3e-964c-d93556cf9559,starz3237,02/07/2026;22:56:04,0
c81acfdd-7406-4b3e-964c-d93556cf9559,starz3237,0,02/07/2026;22:57:41
c81acfdd-7406-4b3e-964c-d93556cf9559,starz3237,02/07/2026;22:57:44,0
c81acfdd-7406-4b3e-964c-d93556cf9559,starz3237,0,02/07/2026;22:58:25
c81acfdd-7406-4b3e-964c-d93556cf9559,starz3237,02/07/2026;22:58:29,0
c81acfdd-7406-4b3e-964c-d93556cf9559,starz3237,0,02/07/2026;23:10:06
c81acfdd-7406-4b3e-964c-d93556cf9559,starz3237,02/07/2026;23:10:10,0
c81acfdd-7406-4b3e-964c-d93556cf9559,starz3237,03/07/2026;00:08:40,0
b705ccdd-dd40-455b-b092-22b2011a57bf,Skywalkered,03/07/2026;00:09:00,0
b705ccdd-dd40-455b-b092-22b2011a57bf,Skywalkered,0,03/07/2026;00:10:45
b705ccdd-dd40-455b-b092-22b2011a57bf,Skywalkered,03/07/2026;00:10:50,0
b705ccdd-dd40-455b-b092-22b2011a57bf,Skywalkered,0,03/07/2026;00:11:10
b705ccdd-dd40-455b-b092-22b2011a57bf,Skywalkered,03/07/2026;00:11:15,0
b705ccdd-dd40-455b-b092-22b2011a57bf,Skywalkered,0,03/07/2026;00:11:19
b705ccdd-dd40-455b-b092-22b2011a57bf,Skywalkered,03/07/2026;00:11:24,0
bf58b239-1ea0-4a10-a57c-a57d2d7faa30,vivianholiday,03/07/2026;00:12:22,0
f79dd909-767b-4881-808f-79405f167858,ArgonOil39,03/07/2026;00:14:11,0
ec7096b9-d6d0-4984-8580-9a334b7b70c9,Veztrix,03/07/2026;00:24:26,0
ec7096b9-d6d0-4984-8580-9a334b7b70c9,Veztrix,0,03/07/2026;00:52:34
86284d51-d216-4041-b3b3-a8f751ea05b3,maloyaroslavets,03/07/2026;00:54:34,0
f79dd909-767b-4881-808f-79405f167858,ArgonOil39,0,03/07/2026;01:00:26
f54fcf63-e25a-4862-a569-abd5a4b884a8,Misha85,03/07/2026;02:17:25,0
b705ccdd-dd40-455b-b092-22b2011a57bf,Skywalkered,0,03/07/2026;02:22:44
c81acfdd-7406-4b3e-964c-d93556cf9559,starz3237,0,03/07/2026;03:09:54
c81acfdd-7406-4b3e-964c-d93556cf9559,starz3237,03/07/2026;03:09:56,0
f54fcf63-e25a-4862-a569-abd5a4b884a8,Misha85,0,03/07/2026;03:21:44
f54fcf63-e25a-4862-a569-abd5a4b884a8,Misha85,03/07/2026;03:22:02,0
f54fcf63-e25a-4862-a569-abd5a4b884a8,Misha85,0,03/07/2026;03:40:03
bf58b239-1ea0-4a10-a57c-a57d2d7faa30,vivianholiday,0,03/07/2026;04:00:05
c81acfdd-7406-4b3e-964c-d93556cf9559,starz3237,0,03/07/2026;04:06:17
c81acfdd-7406-4b3e-964c-d93556cf9559,starz3237,03/07/2026;04:06:18,0
c81acfdd-7406-4b3e-964c-d93556cf9559,starz3237,0,03/07/2026;04:14:37
f54fcf63-e25a-4862-a569-abd5a4b884a8,Misha85,03/07/2026;04:31:07,0
86284d51-d216-4041-b3b3-a8f751ea05b3,maloyaroslavets,0,03/07/2026;05:20:40
f54fcf63-e25a-4862-a569-abd5a4b884a8,Misha85,0,03/07/2026;06:17:56
c81acfdd-7406-4b3e-964c-d93556cf9559,starz3237,03/07/2026;06:30:24,0
c81acfdd-7406-4b3e-964c-d93556cf9559,starz3237,0,03/07/2026;06:34:17
c81acfdd-7406-4b3e-964c-d93556cf9559,starz3237,03/07/2026;06:34:25,0
f54fcf63-e25a-4862-a569-abd5a4b884a8,Misha85,03/07/2026;06:38:23,0
de39000d-be60-46dc-be66-df635ce56023,Nyxiline,03/07/2026;07:26:02,0
de39000d-be60-46dc-be66-df635ce56023,Nyxiline,0,03/07/2026;07:27:21
de39000d-be60-46dc-be66-df635ce56023,Nyxiline,03/07/2026;07:28:17,0
f54fcf63-e25a-4862-a569-abd5a4b884a8,Misha85,0,03/07/2026;07:41:30
f54fcf63-e25a-4862-a569-abd5a4b884a8,Misha85,03/07/2026;07:41:49,0
f54fcf63-e25a-4862-a569-abd5a4b884a8,Misha85,0,03/07/2026;07:42:46
f54fcf63-e25a-4862-a569-abd5a4b884a8,Misha85,03/07/2026;07:42:59,0
f54fcf63-e25a-4862-a569-abd5a4b884a8,Misha85,0,03/07/2026;07:45:47
f54fcf63-e25a-4862-a569-abd5a4b884a8,Misha85,03/07/2026;07:46:42,0
f54fcf63-e25a-4862-a569-abd5a4b884a8,Misha85,0,03/07/2026;07:47:06
afb8452f-c87a-491f-9913-33c15032055e,iamstormbound,03/07/2026;08:06:38,0
c81acfdd-7406-4b3e-964c-d93556cf9559,starz3237,0,03/07/2026;08:29:11
ac435971-bfb7-4f5e-a9ea-32335a2acee2,Riotte,03/07/2026;09:06:15,0
ec7096b9-d6d0-4984-8580-9a334b7b70c9,Veztrix,03/07/2026;09:06:20,0
c81acfdd-7406-4b3e-964c-d93556cf9559,starz3237,03/07/2026;09:19:28,0
afb8452f-c87a-491f-9913-33c15032055e,iamstormbound,0,03/07/2026;09:21:18
ec7096b9-d6d0-4984-8580-9a334b7b70c9,Veztrix,0,03/07/2026;09:26:47
dd81ac6f-8caa-4c05-992b-41c465ff2f63,AFamiliarity,03/07/2026;09:50:54,0
dd81ac6f-8caa-4c05-992b-41c465ff2f63,AFamiliarity,0,03/07/2026;10:03:44
dd81ac6f-8caa-4c05-992b-41c465ff2f63,AFamiliarity,03/07/2026;10:07:35,0
86284d51-d216-4041-b3b3-a8f751ea05b3,maloyaroslavets,03/07/2026;10:38:37,0
c81acfdd-7406-4b3e-964c-d93556cf9559,starz3237,0,03/07/2026;11:05:37
de39000d-be60-46dc-be66-df635ce56023,Nyxiline,0,03/07/2026;11:06:46
c81acfdd-7406-4b3e-964c-d93556cf9559,starz3237,03/07/2026;11:08:50,0
f79dd909-767b-4881-808f-79405f167858,ArgonOil39,03/07/2026;11:12:42,0
dd81ac6f-8caa-4c05-992b-41c465ff2f63,AFamiliarity,0,03/07/2026;11:20:28
dd81ac6f-8caa-4c05-992b-41c465ff2f63,AFamiliarity,03/07/2026;11:20:41,0
3cfaa24a-a43b-43b1-b893-5c849aeca8b1,ImNycleo,03/07/2026;11:22:35,0
dd81ac6f-8caa-4c05-992b-41c465ff2f63,AFamiliarity,0,03/07/2026;11:25:49
dd81ac6f-8caa-4c05-992b-41c465ff2f63,AFamiliarity,03/07/2026;11:29:25,0
081aad0b-e1e5-42a3-adc7-678fa7e8df7c,Elmokas2,03/07/2026;11:32:45,0
de39000d-be60-46dc-be66-df635ce56023,Nyxiline,03/07/2026;11:44:11,0
081aad0b-e1e5-42a3-adc7-678fa7e8df7c,Elmokas2,0,03/07/2026;11:46:39
dd81ac6f-8caa-4c05-992b-41c465ff2f63,AFamiliarity,0,03/07/2026;11:49:36
dd81ac6f-8caa-4c05-992b-41c465ff2f63,AFamiliarity,03/07/2026;11:50:04,0
de39000d-be60-46dc-be66-df635ce56023,Nyxiline,0,03/07/2026;12:04:53
de39000d-be60-46dc-be66-df635ce56023,Nyxiline,03/07/2026;12:04:58,0
ed44d55f-9f5b-42d5-8821-7499a9a558cf,DatGuYouKnow,03/07/2026;12:09:05,0
ed44d55f-9f5b-42d5-8821-7499a9a558cf,DatGuYouKnow,0,03/07/2026;12:09:26
ed44d55f-9f5b-42d5-8821-7499a9a558cf,DatGuYouKnow,03/07/2026;12:09:32,0
ed44d55f-9f5b-42d5-8821-7499a9a558cf,DatGuYouKnow,0,03/07/2026;12:09:51
ed44d55f-9f5b-42d5-8821-7499a9a558cf,DatGuYouKnow,03/07/2026;12:09:58,0
ed44d55f-9f5b-42d5-8821-7499a9a558cf,DatGuYouKnow,0,03/07/2026;12:10:24
ed44d55f-9f5b-42d5-8821-7499a9a558cf,DatGuYouKnow,03/07/2026;12:10:34,0
ed44d55f-9f5b-42d5-8821-7499a9a558cf,DatGuYouKnow,0,03/07/2026;12:10:55
ed44d55f-9f5b-42d5-8821-7499a9a558cf,DatGuYouKnow,03/07/2026;12:11:03,0
dd81ac6f-8caa-4c05-992b-41c465ff2f63,AFamiliarity,0,03/07/2026;12:20:26
75f51159-85d3-42eb-9710-f6ec3ad348a0,SashKings,03/07/2026;12:28:30,0
ed44d55f-9f5b-42d5-8821-7499a9a558cf,DatGuYouKnow,0,03/07/2026;12:42:07
ed44d55f-9f5b-42d5-8821-7499a9a558cf,DatGuYouKnow,03/07/2026;12:47:32,0
ed44d55f-9f5b-42d5-8821-7499a9a558cf,DatGuYouKnow,0,03/07/2026;12:47:47
ed44d55f-9f5b-42d5-8821-7499a9a558cf,DatGuYouKnow,03/07/2026;12:47:54,0
ed44d55f-9f5b-42d5-8821-7499a9a558cf,DatGuYouKnow,0,03/07/2026;12:48:07
ed44d55f-9f5b-42d5-8821-7499a9a558cf,DatGuYouKnow,03/07/2026;12:48:23,0
ed44d55f-9f5b-42d5-8821-7499a9a558cf,DatGuYouKnow,0,03/07/2026;12:48:40
ed44d55f-9f5b-42d5-8821-7499a9a558cf,DatGuYouKnow,03/07/2026;12:48:46,0
c81acfdd-7406-4b3e-964c-d93556cf9559,starz3237,0,03/07/2026;12:53:38
c81acfdd-7406-4b3e-964c-d93556cf9559,starz3237,03/07/2026;12:56:40,0
f79dd909-767b-4881-808f-79405f167858,ArgonOil39,0,03/07/2026;13:04:35
f79dd909-767b-4881-808f-79405f167858,ArgonOil39,03/07/2026;13:04:40,0
ed44d55f-9f5b-42d5-8821-7499a9a558cf,DatGuYouKnow,0,03/07/2026;13:09:49
c81acfdd-7406-4b3e-964c-d93556cf9559,starz3237,0,03/07/2026;13:29:40
c81acfdd-7406-4b3e-964c-d93556cf9559,starz3237,03/07/2026;13:29:41,0
de39000d-be60-46dc-be66-df635ce56023,Nyxiline,0,03/07/2026;13:42:19
c81acfdd-7406-4b3e-964c-d93556cf9559,starz3237,0,03/07/2026;13:46:18
c81acfdd-7406-4b3e-964c-d93556cf9559,starz3237,03/07/2026;13:46:20,0
c81acfdd-7406-4b3e-964c-d93556cf9559,starz3237,0,03/07/2026;14:00:17
c81acfdd-7406-4b3e-964c-d93556cf9559,starz3237,03/07/2026;14:00:45,0
3cfaa24a-a43b-43b1-b893-5c849aeca8b1,ImNycleo,0,03/07/2026;14:01:06
de39000d-be60-46dc-be66-df635ce56023,Nyxiline,03/07/2026;14:13:16,0
c81acfdd-7406-4b3e-964c-d93556cf9559,starz3237,0,03/07/2026;14:57:59
86284d51-d216-4041-b3b3-a8f751ea05b3,maloyaroslavets,0,03/07/2026;15:19:24
7c75b21e-8e65-4fef-8043-dbb0e7d21439,oneGhost_,03/07/2026;15:29:48,0
ac435971-bfb7-4f5e-a9ea-32335a2acee2,Riotte,0,03/07/2026;15:30:45
86284d51-d216-4041-b3b3-a8f751ea05b3,maloyaroslavets,03/07/2026;15:31:48,0
75f51159-85d3-42eb-9710-f6ec3ad348a0,SashKings,0,03/07/2026;15:37:38
de39000d-be60-46dc-be66-df635ce56023,Nyxiline,0,03/07/2026;15:45:02
ce0f19fe-7851-47d2-9f40-32f4c8e0e924,0NightSword,03/07/2026;15:52:45,0
de39000d-be60-46dc-be66-df635ce56023,Nyxiline,03/07/2026;15:55:36,0
afb8452f-c87a-491f-9913-33c15032055e,iamstormbound,03/07/2026;15:59:59,0
